sales_id,user_id,total_sales,sale_date,created_at,deleted_at
DHC6VZ0E20M449,97823141,2886000,2023-09-02 08:56,2023-09-01 22:18,NULL
65NFJXD0D806WD,78555463,830000,2023-09-02 20:26,2023-09-02 10:48,NULL
S7ZTEYKIXGVABZ,05563425,8415000,2023-09-03 04:26,2023-09-02 14:59,NULL
TU762KK5KKQGOZ,68785531,8574000,2023-09-04 00:29,2023-09-03 00:00,NULL
96CIVJ9B00NGRZ,85171900,6713000,2023-09-04 04:37,2023-09-03 11:05,NULL
YKXK1V3Q2IHB2N,16516339,1422000,2023-09-04 04:38,2023-09-03 22:17,NULL
270ZBXLBJ0O0KC,94558255,2449000,2023-09-04 15:19,2023-09-04 01:21,NULL
NRSPUZH23LXX8Q,00975148,1811000,2023-09-04 17:31,2023-09-04 02:59,NULL
YVR0237V4KE3VS,81926136,8716000,2023-09-04 21:40,2023-09-04 23:00,NULL
2LDAS4ZIV71UB3,36393300,3187000,2023-09-05 07:39,2023-09-05 09:03,NULL
4I9B0P4Z14U24Q,93012133,2348000,2023-09-06 00:12,2023-09-05 12:03,NULL
I12W9WHC6D0R7A,01919118,8290000,2023-09-06 06:52,2023-09-06 04:11,NULL
BBPFUXBLNQ342S,88922696,7581000,2023-09-07 05:52,2023-09-06 06:19,NULL
ZCZ0KJW3YFB2N0,44113628,1104000,2023-09-07 08:32,2023-09-06 15:02,NULL
PQAX3Y4LC4RCTY,75830881,9598000,2023-09-09 01:39,2023-09-06 20:35,NULL
LIZTIJAACR5WFK,01919118,5547000,2023-09-09 06:25,2023-09-06 22:22,NULL
VQ9BAAU2DKTMDZ,76432053,9173000,2023-09-09 10:56,2023-09-07 00:47,NULL
EYJB29QS0D4R73,92467274,8256000,2023-09-09 11:10,2023-09-07 12:03,NULL
62XCM2RS0LP48M,72415063,2712000,2023-09-09 15:56,2023-09-07 17:04,NULL
LRKX3GKSUPA4L6,98263623,1603000,2023-09-10 03:38,2023-09-07 20:49,NULL
ZK5S5YBI0AERNX,01919118,7364000,2023-09-10 04:35,2023-09-08 15:45,NULL
CSM43NU9YBA1PD,75830881,8678000,2023-09-10 05:32,2023-09-08 16:16,NULL
7ROVH31JL2CF46,18836861,8630000,2023-09-10 11:22,2023-09-09 09:30,NULL
QGHA3Z3R04ITRV,88977777,9472000,2023-09-11 01:08,2023-09-10 05:00,NULL
XLURALUMPR6LXI,81926136,7251000,2023-09-11 09:30,2023-09-10 11:09,NULL
0I6HYCBZWSM63H,78555463,1755000,2023-09-11 17:14,2023-09-10 11:54,NULL
1CD508S898ZJE9,27750243,3757000,2023-09-11 22:33,2023-09-11 08:01,NULL
0VKH177325V8YN,36393300,3524000,2023-09-13 02:45,2023-09-11 20:21,NULL
4UU7RLL97HG01A,05563425,8241000,2023-09-13 21:27,2023-09-11 20:46,NULL
0MNRLXTOZ22A8J,49780674,9763000,2023-09-14 08:53,2023-09-12 15:31,NULL
APWCWZ9SPMYXGX,53405714,6351000,2023-09-14 22:46,2023-09-12 19:32,NULL
OFPVILSF7D3VGH,49780674,1723000,2023-09-15 02:06,2023-09-12 22:21,NULL
6L7MZQOI7MOE5D,22527715,7994000,2023-09-15 16:02,2023-09-12 23:51,NULL
0J1D647UNNX3LW,97823141,7831000,2023-09-15 23:00,2023-09-13 14:01,NULL
V8S3D58V3YT9SY,75830881,1890000,2023-09-16 10:02,2023-09-13 22:08,NULL
KBTDG65Y81ISQY,00975148,5724000,2023-09-16 15:05,2023-09-14 03:41,NULL
1R6A0C4HKGM52N,78555463,2937000,2023-09-16 16:13,2023-09-14 16:32,NULL
I9MDNI0NMW8X20,49780674,4647000,2023-09-16 17:06,2023-09-14 21:36,NULL
I5MVV2A3N81LT2,64249803,5409000,2023-09-17 05:17,2023-09-14 22:36,NULL
A2AAEHYDVZFO87,92467274,1253000,2023-09-17 16:53,2023-09-15 00:37,NULL
YYWAYI426JMKE5,64249803,2995000,2023-09-17 20:36,2023-09-15 06:32,NULL
65AYFYTINOWXG6,36393300,826000,2023-09-18 04:12,2023-09-15 13:20,NULL
H0T5PH4TZNLFG4,56361306,7681000,2023-09-18 04:47,2023-09-15 18:23,NULL
VZ3BVAL38OHNLJ,00975148,3963000,2023-09-18 12:46,2023-09-16 05:06,NULL
B2JZWMMSTE9UYE,18836861,8726000,2023-09-18 15:13,2023-09-16 05:07,NULL
3V8FBQRC7EZ1XV,98876028,5867000,2023-09-19 08:26,2023-09-16 06:15,NULL
1M4FMEF3WC1JH6,59233102,3040000,2023-09-19 17:07,2023-09-18 02:13,NULL
MRJUPSZ3BE3QTG,98876028,7817000,2023-09-19 19:13,2023-09-18 13:23,NULL
1R9F367JWUUJY7,76432053,1735000,2023-09-19 19:51,2023-09-19 01:18,NULL
0O7RTUATKD29JY,80989658,5505000,2023-09-19 23:05,2023-09-19 02:22,NULL
ZREVDUBPN94JG8,81926136,2485000,2023-09-20 03:21,2023-09-19 12:57,NULL
RCM7NIXVXN8HZZ,78555463,3396000,2023-09-20 20:03,2023-09-19 17:51,NULL
AZ6Q5IS8L8IWS6,27063854,49000,2023-09-21 07:28,2023-09-20 01:56,NULL
IBR8N9R6T7QIP6,27063854,272000,2023-09-21 07:52,2023-09-20 01:57,NULL
C71P58VTX3ZCLW,98263623,4433000,2023-09-22 04:45,2023-09-20 03:36,NULL
NOXT089FHV0PWA,76432053,811000,2023-09-22 05:00,2023-09-21 00:26,NULL
3TZP3AKEG437F4,23248982,8967000,2023-09-22 09:26,2023-09-21 01:44,NULL
W652YFXDTZPGYK,43175792,5765000,2023-09-22 14:33,2023-09-21 02:34,NULL
R1A3GN4H69LM09,76432053,7724000,2023-09-22 19:50,2023-09-21 03:40,NULL
EZW0FKRLQRPCTL,94558255,7542000,2023-09-22 22:51,2023-09-21 08:04,NULL
U80YNKBA8COVUL,42908251,8793000,2023-09-23 06:38,2023-09-21 22:37,NULL
16SLOQFM1D31UZ,36393300,1610000,2023-09-24 00:37,2023-09-22 00:37,NULL
IRC7T9ENBY3JUO,76432053,1425000,2023-09-24 00:48,2023-09-22 07:31,NULL
4CQMTRXU0N10DJ,98876028,4456000,2023-09-24 06:54,2023-09-23 07:51,NULL
NDTXV6VWBZOJTF,78555463,2213000,2023-09-24 22:05,2023-09-23 20:42,NULL
GS9RV73GT1NMJU,56361306,2498000,2023-09-24 22:39,2023-09-24 22:42,NULL
ECSEAX3A5F5OTA,59233102,8873000,2023-09-24 23:02,2023-09-25 18:17,NULL
8772EYN23R9UP9,33648077,8685000,2023-09-26 05:52,2023-09-26 01:23,NULL
G9EP3PX6T59KDU,33819417,7250000,2023-09-26 12:58,2023-09-26 11:03,NULL
OHXG95FW2FOBE6,56361306,1544000,2023-09-26 13:54,2023-09-27 08:42,NULL
I4E6LYWHR4DIOZ,92757274,9318000,2023-09-27 03:26,2023-09-27 23:03,NULL
28C5SB3YSEQR24,23248982,9857000,2023-09-29 11:46,2023-09-28 07:42,NULL
MV5UCM0AIBFOWA,85171900,440000,2023-09-30 05:30,2023-09-28 09:45,NULL
Q6VKIZKEII0U96,64993416,8897000,2023-09-30 05:41,2023-09-28 10:18,NULL
TWL2MGX9ZWQ582,56361306,5097000,2023-10-01 01:11,2023-09-28 12:59,NULL
0WJHWFTU6EIG0B,92757274,4277000,2023-10-01 15:31,2023-09-30 07:19,NULL
8M3VETLACDIHE4,33819417,4757000,2023-10-02 08:16,2023-09-30 15:46,NULL
QND2OFRZ9JY5H2,98876028,5361000,2023-10-03 02:31,2023-10-01 00:13,NULL
6891MBKI18FVJR,29372843,3034000,2023-10-03 05:08,2023-10-01 03:32,NULL
WYLY0S2O5LHJCF,00975148,190000,2023-10-03 05:24,2023-10-01 06:13,NULL
HRX2LVOWCHE8DA,85171900,1024000,2023-10-04 01:32,2023-10-01 14:12,NULL
SUI6NH4BKIBD2A,88922696,7224000,2023-10-04 12:11,2023-10-01 21:07,NULL
2YPXFJOWZNESQR,61655575,2256000,2023-10-05 11:50,2023-10-01 23:30,NULL
EK98HEXQSYUG5G,64993416,6676000,2023-10-05 11:51,2023-10-02 05:23,NULL
452QY5TK2M7UYV,43175792,8642000,2023-10-05 14:41,2023-10-02 07:20,NULL
BMHT98P72IKGWY,23248982,4786000,2023-10-05 19:01,2023-10-02 19:33,NULL
RUQ62O5WZQDU1Y,81926136,628000,2023-10-06 15:09,2023-10-03 00:59,NULL
NJ3LGU825OZSOQ,05563425,5541000,2023-10-06 17:37,2023-10-03 12:07,NULL
DVRVVXCGK4NYTS,27750243,4351000,2023-10-07 09:52,2023-10-03 22:25,NULL
6F0HVO6RYMER4J,34993042,3958000,2023-10-07 12:12,2023-10-03 23:50,NULL
6HJTWSZG397TNW,50360736,4183000,2023-10-08 05:40,2023-10-04 01:56,NULL
ZOZLZJG07SB6JI,36393300,1219000,2023-10-08 11:09,2023-10-04 02:06,NULL
HP21DKRKDQ77DN,64249803,5527000,2023-10-09 07:55,2023-10-04 05:38,NULL
UIYP0IKODWU3RC,33648077,8670000,2023-10-09 08:55,2023-10-05 12:32,NULL
OKHR65DLYWE6IH,37112060,6581000,2023-10-09 23:24,2023-10-05 12:44,NULL
JBR93WP6B3V8U1,42908251,7470000,2023-10-10 07:47,2023-10-05 13:37,NULL
JSW4YE1ATGQ3LE,42908251,6339000,2023-10-10 12:40,2023-10-05 22:57,NULL
JCCR0SCIQ27EJI,72415063,4331000,2023-10-10 14:15,2023-10-07 07:08,NULL
1B3ZXCE3EGDQIJ,33648077,1354000,2023-10-10 15:26,2023-10-07 10:45,NULL
UWZ269QFESXG41,88977777,5799000,2023-10-10 21:04,2023-10-07 17:48,NULL
GSILZKFHIE6QTO,98876028,3845000,2023-10-10 23:22,2023-10-07 21:00,NULL
OS94XE5GDTECRF,56361306,164000,2023-10-11 02:09,2023-10-08 13:38,NULL
UGS0MS5752LYZC,33648077,3241000,2023-10-11 08:02,2023-10-08 23:08,NULL
I0DUV2JYG8TQRC,93852109,3462000,2023-10-11 13:17,2023-10-09 01:47,NULL
1MGCVEM9HHMCKF,77131648,9513000,2023-10-11 14:36,2023-10-09 02:42,NULL
FB8AVC5L26I5VI,88977777,7082000,2023-10-12 04:33,2023-10-09 16:54,NULL
8706JL3UR4SDW1,88977777,7254000,2023-10-12 05:05,2023-10-09 23:03,NULL
GEVS7PGMLABME5,22527715,1405000,2023-10-12 07:35,2023-10-10 19:04,NULL
97PDP2JLKP49MP,68785531,5568000,2023-10-12 10:22,2023-10-10 21:02,NULL
L1G59QTLT6SAVC,64993416,6954000,2023-10-12 11:05,2023-10-11 05:15,NULL
L1I4FJV44LEW64,98263623,6956000,2023-10-12 23:35,2023-10-11 06:59,NULL
14S01EDXGEPS23,73136897,1097000,2023-10-13 08:23,2023-10-11 09:55,NULL
LQYHEYKY6LK1E3,33819417,3743000,2023-10-13 13:26,2023-10-12 11:40,NULL
VFSFDJPD51AK8H,93852109,5380000,2023-10-13 13:35,2023-10-13 23:23,NULL
TPV6UGPZ1KRN98,93852109,7612000,2023-10-14 05:55,2023-10-15 03:22,NULL
FY2CPCER6WEZF1,64249803,1791000,2023-10-15 19:30,2023-10-15 11:16,NULL
0MJYOHL02B598V,37112060,4187000,2023-10-15 22:59,2023-10-15 11:22,NULL
7N381D03U1CRUU,93012133,2065000,2023-10-16 18:37,2023-10-15 12:24,NULL
SRERZG80KKOVQN,42908251,3317000,2023-10-16 20:39,2023-10-15 14:24,NULL
1RFGX6JCEBJMS4,93012133,9470000,2023-10-16 23:57,2023-10-16 04:00,NULL
Q1L0A21A9SYPHW,27063854,5297000,2023-10-17 16:57,2023-10-16 10:33,NULL
K87CCFPK365QG3,94558255,2076000,2023-10-18 15:05,2023-10-16 16:20,NULL
GY1I8MV8GSYYLT,16516339,5870000,2023-10-19 00:54,2023-10-17 08:49,NULL
B1P3YSTGPJDWXM,27750243,5148000,2023-10-19 20:18,2023-10-18 03:56,NULL
734Q6DUZAW1SH7,27063854,292000,2023-10-20 05:06,2023-10-18 08:55,NULL
9QGJHLJ6ERO29H,73136897,7301000,2023-10-20 08:56,2023-10-18 17:41,NULL
0C29ZSRGH3AE0D,64993416,2183000,2023-10-20 22:25,2023-10-19 00:40,NULL
6E2VACPF26EY55,01919118,2055000,2023-10-21 01:14,2023-10-19 10:44,NULL
TS8I87ZAA9LESY,88977777,3839000,2023-10-21 09:36,2023-10-19 14:00,NULL
GYUUZJ2TUQA0M5,77131648,2166000,2023-10-21 21:41,2023-10-19 15:14,NULL
REWNO8E9MSXFV1,95265834,2286000,2023-10-22 00:10,2023-10-20 16:08,NULL
120ABH3A0404T0,85171900,3074000,2023-10-22 17:58,2023-10-20 17:50,NULL
5LCG6907SDTOST,01919118,3097000,2023-10-23 01:05,2023-10-20 23:31,NULL
5DTFC9048UDYEF,49780674,9503000,2023-10-23 16:37,2023-10-21 06:37,NULL
A27UBPQ7X2WQL1,05563425,3541000,2023-10-23 19:21,2023-10-21 12:28,NULL
RLIMFASFV1R36Z,18836861,1019000,2023-10-24 10:45,2023-10-22 01:29,NULL
EMIBZC4PDFDB4E,37112060,1540000,2023-10-24 18:46,2023-10-22 01:54,NULL
95C7LMXKI9P62B,88922696,7179000,2023-10-25 10:59,2023-10-22 03:58,NULL
O4JF6A2IQM1KTN,29372843,5051000,2023-10-25 14:31,2023-10-22 09:52,NULL
18AIJBONWYCCEJ,18836861,5988000,2023-10-26 00:22,2023-10-23 00:14,NULL
Q5NJKACOCSHLLN,94558255,3199000,2023-10-26 07:56,2023-10-23 10:48,NULL
5ZNLIAOE3CV09R,27063854,3564000,2023-10-26 23:03,2023-10-23 18:28,NULL
BWPOT8TPKLZXRG,76432053,8025000,2023-10-27 01:08,2023-10-24 04:45,NULL
I8A6JHBSYPVF9N,04125772,5177000,2023-10-27 12:55,2023-10-24 11:58,NULL
0CFEV6IRLCZXFA,27063854,3296000,2023-10-27 20:58,2023-10-24 22:59,NULL
18HI00P9UEP29N,59233102,9239000,2023-10-28 07:24,2023-10-25 13:33,NULL
QRXYMT1ZPFURO2,81926136,8245000,2023-10-29 02:11,2023-10-25 14:49,NULL
HE4FLELHVWCWGR,49780674,7456000,2023-10-29 07:16,2023-10-25 15:10,NULL
4LMTVDW1TQYAV5,75830881,8581000,2023-10-29 08:43,2023-10-25 22:40,NULL
CJ7GK7QJWOOD9S,22527715,9137000,2023-10-29 12:02,2023-10-26 02:11,NULL
WNQDKWNRNHNMPP,27750243,9669000,2023-10-30 06:52,2023-10-26 05:22,NULL
MVGDD9G35FC701,04125772,3625000,2023-10-30 20:47,2023-10-26 10:43,NULL
Q255H9DK3WTUIN,75830881,7430000,2023-10-31 02:31,2023-10-26 13:25,NULL
3FJNPR8LL4GHLL,43175792,2951000,2023-10-31 10:18,2023-10-26 21:59,NULL
2GTQD4HJXGNVQR,16516339,6493000,2023-10-31 17:14,2023-10-27 01:41,NULL
R07ZOAXV9EOB37,34993042,7700000,2023-10-31 22:52,2023-10-27 11:10,NULL
S1IJJFQBFSSECS,68785531,9490000,2023-10-31 23:41,2023-10-27 12:43,NULL
ICJWC2MRHSMUED,59233102,1278000,2023-11-01 12:04,2023-10-27 13:05,NULL
R60BNQ0R53VZD1,81926136,3068000,2023-11-01 21:56,2023-10-27 18:54,NULL
HQNYAYVLGMHSXS,93012133,8635000,2023-11-03 03:20,2023-10-27 23:43,NULL
BTOKNE1MTN9VP4,59233102,1682000,2023-11-03 03:38,2023-10-28 02:38,NULL
1N8OZZWP0QN1A6,95265834,5431000,2023-11-03 15:55,2023-10-28 07:00,NULL
UFSC1S5YP0ZZNJ,77131648,4119000,2023-11-04 00:29,2023-10-29 22:47,NULL
NE3ZRLB4PNQV3D,64993416,17000,2023-11-04 06:09,2023-10-30 04:41,NULL
6A8TWL3YL4G8LJ,49780674,2904000,2023-11-04 21:25,2023-10-30 04:43,NULL
7Z0SV3SMLHR6AM,27063854,243000,2023-11-04 22:21,2023-10-30 17:48,NULL
1JT4BUFPZ0KDEL,43979678,2734000,2023-11-05 08:50,2023-10-30 22:39,NULL
3OSQ7YZ51906SV,37112060,4691000,2023-11-05 12:06,2023-10-31 11:56,NULL
X9G8EI9R1LRR0H,76432053,5829000,2023-11-05 17:19,2023-11-01 01:16,NULL
MPCGVKYBMFU5ZN,33819417,3348000,2023-11-06 01:00,2023-11-01 04:09,NULL
ZHXGGOZA4S036Q,75830881,1771000,2023-11-06 07:29,2023-11-01 05:00,NULL
SPYP06M0YTQ63H,61655575,8093000,2023-11-06 20:46,2023-11-01 08:18,NULL
E5T71UPY2M75E1,27750243,679000,2023-11-07 00:23,2023-11-01 12:06,NULL
GMVMVGE71LBRAN,88977777,944000,2023-11-07 10:04,2023-11-01 14:55,NULL
POQL2PBKD0UKP1,18836861,619000,2023-11-07 10:17,2023-11-02 04:46,NULL
ZZOH2OUF3VNA2Y,92757274,7904000,2023-11-08 05:23,2023-11-02 08:04,NULL
4DPEIS5ZF711QU,36393300,9926000,2023-11-09 12:49,2023-11-02 18:34,NULL
Q10C3X017F5BTN,04125772,6435000,2023-11-10 01:38,2023-11-02 22:32,NULL
9Z5NUN6IXQOODN,34993042,1674000,2023-11-10 11:22,2023-11-03 16:22,NULL
OXKGV8LDU0P0X5,53405714,5746000,2023-11-10 15:45,2023-11-03 18:34,NULL
LGYI9NQCKSJUQZ,23248982,3561000,2023-11-11 02:49,2023-11-04 03:52,NULL
ZIKGSLPBMUEWYT,43175792,7383000,2023-11-11 12:53,2023-11-04 04:14,NULL
OPE3HXGAR881RG,23248982,9591000,2023-11-11 22:49,2023-11-04 06:06,NULL
2ACRWCBRXMRODD,93012133,1107000,2023-11-11 23:39,2023-11-04 06:16,NULL
T6PJJPT7XEM8C4,73136897,9575000,2023-11-12 07:54,2023-11-04 07:08,NULL
BP0SCUWXJCNSX2,77131648,9017000,2023-11-13 05:38,2023-11-04 09:47,NULL
1NGW91FWG0IKVK,56361306,2772000,2023-11-13 07:02,2023-11-05 09:34,NULL
SOX5N4Y8EL422D,93012133,5009000,2023-11-13 21:24,2023-11-05 14:01,NULL
8D4U35YFTFVF9Z,33819417,921000,2023-11-14 02:30,2023-11-05 14:31,NULL
1KE12EGMYBKVAY,88922696,5931000,2023-11-14 02:33,2023-11-06 12:10,NULL
PUC5DTFJDVJM9P,75830881,8121000,2023-11-14 05:09,2023-11-07 06:55,NULL
GPMRVAZOGZ25F6,27750243,7561000,2023-11-14 08:00,2023-11-07 12:21,NULL
XPAWSZZKGTYGQD,81926136,8045000,2023-11-14 12:32,2023-11-07 12:44,NULL
1BIVWFUYN1P8H0,50360736,7170000,2023-11-14 17:34,2023-11-07 15:56,NULL
MBFITHS0RKXEJX,59233102,4392000,2023-11-14 19:50,2023-11-07 16:18,NULL
6UJ6554772SJKE,80989658,5686000,2023-11-15 05:46,2023-11-08 01:30,NULL
GWWNQ4OZLTJG9N,29372843,6239000,2023-11-15 06:24,2023-11-08 11:32,NULL
Q4I1OYFTVJ47CI,73136897,2227000,2023-11-15 11:21,2023-11-08 15:30,NULL
J7Y3CRK51DF80Z,88922696,691000,2023-11-15 19:59,2023-11-08 16:47,NULL
YZRP1R01XT042U,81926136,8936000,2023-11-16 00:51,2023-11-08 19:44,NULL
54VGBICLCB195C,68785531,8435000,2023-11-16 01:34,2023-11-09 00:54,NULL
KGKZYWMOHNWHJ0,94558255,6820000,2023-11-16 02:49,2023-11-09 14:14,NULL
KF9YDOSSWORHMV,61655575,4938000,2023-11-16 05:51,2023-11-10 00:22,NULL
B7TDJN8DSR16KA,18836861,2735000,2023-11-17 07:52,2023-11-11 04:55,NULL
ZSNA3OPTKOIVGL,64993416,3087000,2023-11-17 13:58,2023-11-11 05:57,NULL
O0X5034IJNGDVK,29372843,6967000,2023-11-18 03:42,2023-11-11 09:51,NULL
W36EPA2ZRRN0AR,16516339,2283000,2023-11-18 19:40,2023-11-11 20:08,NULL
TSEGHGK984KU4O,88977777,3417000,2023-11-18 23:37,2023-11-12 02:21,NULL
34G7S4765G3TNI,33819417,7394000,2023-11-19 02:14,2023-11-12 04:01,NULL
Y4BSPAFMM2I0CZ,93852109,3099000,2023-11-19 02:44,2023-11-12 22:56,NULL
4HVYOU5EJ9EPWW,37112060,1740000,2023-11-19 09:35,2023-11-12 23:16,NULL
YQT8L0ZKBK0VI1,50360736,2492000,2023-11-20 00:20,2023-11-13 01:59,NULL
2HU6D3ASQF2RB9,95265834,9155000,2023-11-20 03:47,2023-11-13 07:30,NULL
6NRZ2J4BDABH0B,27063854,8728000,2023-11-20 04:23,2023-11-15 11:53,NULL
INRZGHQJZLPAPF,98263623,3151000,2023-11-20 10:44,2023-11-15 12:31,NULL
4SGKIW1T81LPGA,61655575,6478000,2023-11-20 17:34,2023-11-16 12:24,NULL
7ZS26EC0AN61IJ,77131648,5055000,2023-11-21 03:01,2023-11-17 13:14,NULL
9F6DMTURLOFWUQ,29372843,8398000,2023-11-21 04:09,2023-11-17 21:56,NULL
7AO7Q6WN6FVK7X,43175792,7733000,2023-11-21 09:30,2023-11-18 11:55,NULL
FX8RS17E0CBDG7,73136897,320000,2023-11-21 23:31,2023-11-18 17:00,NULL
70X6239D4EEUV1,23248982,9539000,2023-11-22 04:07,2023-11-19 00:30,NULL
IZGYR6MT8V8191,59233102,2046000,2023-11-22 11:39,2023-11-19 04:08,NULL
YC9XSAJM7BAW8V,59233102,3205000,2023-11-23 12:57,2023-11-19 04:35,NULL
3F2YXKZ2MR8NVN,77131648,5039000,2023-11-23 15:26,2023-11-19 09:53,NULL
ZZR105PEPRL77B,42908251,5334000,2023-11-23 17:18,2023-11-20 08:35,NULL
OFYUXLRPWI3LR7,94558255,3328000,2023-11-24 20:11,2023-11-20 13:55,NULL
RJ3IRSK38NLSH5,44113628,6057000,2023-11-24 20:38,2023-11-21 21:01,NULL
YN9RMW4EG493LF,85171900,3839000,2023-11-24 22:48,2023-11-23 09:50,NULL
Q3WVXV9A6RSD4H,93012133,6727000,2023-11-25 20:11,2023-11-23 17:38,NULL
T6GDIJH6SO5OBQ,72415063,1996000,2023-11-26 10:30,2023-11-23 21:15,NULL
379PPWB5TJWK0Z,97823141,8663000,2023-11-26 13:18,2023-11-23 22:49,NULL
KJEKAQFQN3YN6G,92467274,4142000,2023-11-26 14:06,2023-11-24 00:35,NULL
71THU8MTVHX3QX,92757274,545000,2023-11-27 10:00,2023-11-24 00:56,NULL
JBEKN7YETVXSBH,73136897,4241000,2023-11-27 20:22,2023-11-24 11:23,NULL
Y7JZ9959YFWYDI,04125772,7084000,2023-11-28 07:42,2023-11-25 14:24,NULL
KWJSSPSXZ5N46R,94558255,4621000,2023-11-28 14:57,2023-11-26 23:07,NULL
1H1JT94FHY40PA,36393300,2624000,2023-11-29 02:05,2023-11-27 00:15,NULL
CHPQV8O6341NC5,42908251,7971000,2023-11-29 02:47,2023-11-27 20:12,NULL
DY1NQKJ9O3T73K,04125772,4185000,2023-11-29 03:17,2023-11-28 05:27,NULL
0QPR5U9VTKIM4G,50360736,7141000,2023-11-29 04:49,2023-11-28 10:34,NULL
BIBPDD4X1Q2JPH,04125772,1283000,2023-11-29 05:21,2023-11-28 17:39,NULL
N1KPN9XPMYQAFW,93012133,9408000,2023-11-29 07:37,2023-11-28 22:51,NULL
0KRRO08FLUFGH3,00975148,4578000,2023-11-29 13:01,2023-11-29 06:39,NULL
BPYQLN5FUBH6M9,92467274,171000,2023-11-30 00:38,2023-11-29 12:34,NULL
74TS1HOODMWC0V,42908251,226000,2023-11-30 01:03,2023-11-29 16:35,NULL
ETBR5BSOURHZXU,61655575,619000,2023-11-30 09:55,2023-11-30 20:03,NULL
1O7STY6QS24TW1,64993416,9657000,2023-11-30 10:07,2023-12-01 00:10,NULL
AL5Z6PIG3YVI3K,95265834,9991000,2023-11-30 14:21,2023-12-01 03:47,NULL
8BHSW9D5PX53HL,92757274,2225000,2023-11-30 15:54,2023-12-01 14:06,NULL
OS0K8B50DB3JAB,78555463,4553000,2023-11-30 22:55,2023-12-01 14:07,NULL
OLXR9UOPWTYSRQ,44113628,7603000,2023-12-01 01:26,2023-12-01 14:34,NULL
S7MWKJOP9VP4OT,37112060,1803000,2023-12-01 07:26,2023-12-01 21:37,NULL
639JQA5IM8HN4X,92467274,9329000,2023-12-01 09:23,2023-12-02 01:36,NULL
RQ9WJL2LRD9Z24,33648077,7638000,2023-12-01 10:05,2023-12-03 01:18,NULL
OVKZW3ACSQERZ6,77131648,4504000,2023-12-01 14:09,2023-12-03 23:23,NULL
FCTWTFOTSAIMR2,59233102,8960000,2023-12-01 19:11,2023-12-04 09:19,NULL
UOEJOI6YJUZFQO,85171900,7371000,2023-12-02 09:11,2023-12-04 11:49,NULL
FO7IDBTC6BDQZ4,18836861,5705000,2023-12-02 09:36,2023-12-04 13:09,NULL
XG1L0HCTDBCO2D,88922696,4332000,2023-12-02 20:34,2023-12-05 05:48,NULL
G0Y3PBMU0ZE7GA,98263623,2742000,2023-12-02 22:06,2023-12-05 13:24,NULL
3NWJJ910FX7ZPW,81926136,1590000,2023-12-03 13:16,2023-12-06 01:05,NULL
V8FOBC9JZ3USGG,61655575,6003000,2023-12-04 10:50,2023-12-06 04:07,NULL
K8XDU2COXU5U3T,33648077,5670000,2023-12-04 14:44,2023-12-06 05:25,NULL
W09YUJA4VJPBLB,59233102,256000,2023-12-04 18:03,2023-12-06 20:59,NULL
H6QQF2731G4YEL,18836861,8606000,2023-12-05 08:41,2023-12-07 04:05,NULL
HUV4KP4NDTXFDW,36393300,2395000,2023-12-05 11:42,2023-12-07 08:05,NULL
JY69HCBZ7XMNVH,44113628,8348000,2023-12-05 13:02,2023-12-08 06:53,NULL
S2YRGLYK326X8B,27063854,1273000,2023-12-05 13:33,2023-12-08 08:31,NULL
ID8MS4C7GADVRA,95265834,599000,2023-12-06 06:57,2023-12-08 17:39,NULL
O2B1L2IZH9ORCI,88922696,9357000,2023-12-06 11:04,2023-12-09 00:37,NULL
XRIXJWOJKHW7J8,78555463,6501000,2023-12-06 15:03,2023-12-10 01:25,NULL
IEA0WTJT1SC7LO,77131648,6809000,2023-12-06 17:04,2023-12-10 03:40,NULL
X53V0WBJ9VFSS9,98263623,5595000,2023-12-06 18:21,2023-12-10 16:10,NULL
D6I189FGLW7VQ1,33819417,7329000,2023-12-06 21:34,2023-12-10 20:28,NULL
4O8UNT76KCAJX2,01919118,56000,2023-12-07 03:01,2023-12-11 06:17,NULL
VB6CBGRWAZ1DDI,93852109,6677000,2023-12-07 03:50,2023-12-12 13:42,NULL
9H207ONE30MS0B,61655575,9962000,2023-12-07 04:08,2023-12-12 17:49,NULL
0B0DXX40Z2JBW8,53405714,7956000,2023-12-07 22:03,2023-12-13 00:54,NULL
8A55YMHVA6F7KZ,43175792,5781000,2023-12-08 09:34,2023-12-13 03:34,NULL
ZVAHEAX3YBVZHU,76432053,4882000,2023-12-08 19:52,2023-12-13 10:54,NULL
ID12O0PPUV7BE8,98263623,7648000,2023-12-09 14:20,2023-12-13 14:42,NULL
6JYJSND9A65WOB,00975148,4915000,2023-12-09 15:41,2023-12-13 21:17,NULL
F5TCCYNY9OB9IY,71276044,4136000,2023-12-10 09:49,2023-12-14 07:20,NULL
Z1F8ETFQ1VQYEU,43175792,9195000,2023-12-11 19:34,2023-12-14 11:16,NULL
NSHDVU6DK48Z8A,27063854,199000,2023-12-12 11:08,2023-12-14 12:55,NULL
1T9I6834MWLE7P,77131648,1144000,2023-12-12 23:34,2023-12-15 16:59,NULL
NK72L7Z3HW34MN,53405714,4708000,2023-12-13 05:01,2023-12-16 10:00,NULL
0NASXHSQCB032H,80989658,4102000,2023-12-13 06:37,2023-12-17 08:24,NULL
79PTBK3SQP5G7X,98263623,4006000,2023-12-14 11:17,2023-12-18 03:45,NULL
IMWHE1MWO30VTD,43175792,2051000,2023-12-14 21:45,2023-12-18 10:43,NULL
DGBKQD1CDDH01G,56361306,143000,2023-12-16 00:28,2023-12-18 11:39,NULL
CL25ZKZOZNUQXQ,78555463,8981000,2023-12-16 07:52,2023-12-19 09:19,NULL
MAVOHCCFBJAW3R,77131648,7596000,2023-12-16 19:50,2023-12-20 01:26,NULL
FLV3I96DK809DS,27063854,9019000,2023-12-17 04:14,2023-12-20 14:39,NULL
94403IR0WFDWBU,72415063,5414000,2023-12-17 05:24,2023-12-21 00:51,NULL
Q76U3JIRZ2081W,05563425,8599000,2023-12-17 09:36,2023-12-21 01:54,NULL
LMHFXYHYXUO7IS,27750243,877000,2023-12-17 11:08,2023-12-21 03:47,NULL
2JW5X7WFD29Y6O,49780674,5315000,2023-12-18 08:37,2023-12-21 07:59,NULL
WPTLW2097CM4MC,22527715,2057000,2023-12-18 11:45,2023-12-21 14:14,NULL
5TL9IKX6N8FU1T,64249803,2914000,2023-12-18 18:44,2023-12-21 16:48,NULL
R1AVK5BZFV4DEK,88922696,2540000,2023-12-18 22:11,2023-12-22 03:38,NULL
AB2DXKF8FHIFKK,98263623,7989000,2023-12-19 14:02,2023-12-22 12:05,NULL
IM385NUH2T7M53,88922696,8968000,2023-12-19 16:04,2023-12-22 20:15,NULL
4P1H4PSUKZT6QT,01919118,4101000,2023-12-20 03:15,2023-12-22 20:27,NULL
LMIC4173ZTV9LJ,92757274,5711000,2023-12-20 06:15,2023-12-24 05:58,NULL
AG6YMSJY8FVKRZ,76432053,1192000,2023-12-20 14:02,2023-12-24 09:06,NULL
Q0A4KVR0AHHIBO,05563425,273000,2023-12-20 15:57,2023-12-25 06:55,NULL
12GI0KE9EQ2QMN,34993042,7959000,2023-12-21 08:05,2023-12-25 20:25,NULL
KQUNXXRL9ZSG7L,00975148,2816000,2023-12-21 19:49,2023-12-26 06:51,NULL
NL2OF6PY2OZJQE,98876028,615000,2023-12-21 20:28,2023-12-26 11:52,NULL
H6OSAJI60B318L,80989658,6289000,2023-12-21 20:59,2023-12-27 01:05,NULL
6ULZTHRK1RPHIQ,76432053,8446000,2023-12-21 22:25,2023-12-27 02:13,NULL
YPZKS7JN4OC7I3,04125772,6742000,2023-12-22 11:26,2023-12-27 07:55,NULL
OSBCC9VFTBO458,94558255,444000,2023-12-22 17:10,2023-12-27 13:30,NULL
G6XODE5R81W3N5,68785531,7254000,2023-12-23 04:37,2023-12-27 23:27,NULL
76253J0D7GZUT4,49780674,5712000,2023-12-23 14:56,2023-12-28 05:44,NULL
M8O3EPF6E1D107,78555463,6325000,2023-12-23 16:08,2023-12-28 06:11,NULL
S1PC1VJOV3S3DN,49780674,947000,2023-12-24 11:11,2023-12-28 10:39,NULL
AOTE1MJIOX4X31,64993416,6688000,2023-12-24 20:43,2023-12-28 10:56,NULL
P5HJULDL53II96,98876028,4686000,2023-12-24 21:33,2023-12-28 18:22,NULL
7DECC5QG46AMRZ,53405714,7580000,2023-12-25 05:12,2023-12-29 02:46,NULL
H3OTKZRNIO1XNX,78555463,7786000,2023-12-25 06:17,2023-12-29 04:07,NULL
7HJ6VZAYOAOCIG,59233102,5395000,2023-12-25 07:34,2023-12-29 09:41,NULL
4DHGTZ5CP0NCUI,73136897,4417000,2023-12-25 11:13,2023-12-29 09:43,NULL
G5CPI3SAM43I6H,27063854,4314000,2023-12-25 14:52,2023-12-29 18:23,NULL
QW80Q7H89FY0K9,71276044,2555000,2023-12-26 00:20,2023-12-30 07:01,NULL
SMWGZ9HT0YOAVH,72415063,6445000,2023-12-26 01:31,2023-12-30 08:44,NULL
2T4AXARUOV1N05,94558255,8656000,2023-12-26 15:20,2023-12-30 13:35,NULL
WIVGNDDSZA4EE0,85171900,3520000,2023-12-26 23:04,2023-12-30 22:59,NULL
90A2E1OH8NW2IC,94558255,3061000,2023-12-27 04:52,2023-12-31 11:18,NULL
2GHBN6J6I76SXU,22527715,3684000,2023-12-27 11:43,2023-12-31 11:32,NULL
EZSOCBZ0S09W3K,85171900,3848000,2023-12-27 13:50,2023-12-31 11:40,NULL
3VOFNWWA7CMR8Y,18836861,8759000,2023-12-27 19:04,2023-12-31 18:20,NULL
IGTEYALIR8WJY8,16516339,6732000,2023-12-28 12:37,2024-01-01 02:49,NULL
MMPSZAV644VKVH,76432053,5905000,2023-12-28 16:04,2024-01-01 08:32,NULL
ZCWN8ANZ8NNWCA,29372843,8654000,2023-12-29 05:09,2024-01-01 15:54,NULL
47JNDVPQS4MFPK,43979678,2892000,2023-12-29 16:24,2024-01-01 22:00,NULL
F6JIF69FRFWKYH,75830881,232000,2023-12-30 06:18,2024-01-02 04:51,NULL
MIELEE3O3U7JOQ,61655575,9046000,2023-12-30 15:38,2024-01-02 13:10,NULL
H3V7A5HV3KTNB7,77131648,6324000,2023-12-30 16:26,2024-01-02 19:27,NULL
HGEPLHASVK0Q1G,27063854,8333000,2023-12-31 04:45,2024-01-03 01:17,NULL
CBL42VSK7NOEBO,75830881,1326000,2023-12-31 17:50,2024-01-04 18:04,NULL
GOSCE5AWCABKGL,94558255,9745000,2024-01-01 07:33,2024-01-04 21:59,NULL
3WPB38120ONZUP,98263623,3553000,2024-01-01 21:56,2024-01-05 00:42,NULL
IWKSHHCK6QGJAD,85171900,4224000,2024-01-01 21:57,2024-01-05 18:19,NULL
L2M0PZKSHLRI1D,59233102,2464000,2024-01-02 14:47,2024-01-05 19:08,NULL
Q4Z48JVHT2LA35,92467274,7623000,2024-01-03 06:55,2024-01-06 12:33,NULL
2J02Y0LDKLEU5E,23248982,8998000,2024-01-03 12:45,2024-01-06 18:16,NULL
GAAIB2VXUS4O4H,18836861,6892000,2024-01-03 18:57,2024-01-06 19:07,NULL
PSU9Q7HFA5N5MD,93012133,2022000,2024-01-04 10:40,2024-01-07 14:27,NULL
BY2V5AJE4E82ZU,18836861,858000,2024-01-04 14:17,2024-01-07 18:33,NULL
8DDNTN6HJW0AXZ,27750243,6944000,2024-01-04 18:24,2024-01-08 03:00,NULL
1P9RXQTH05DPX6,42908251,134000,2024-01-05 06:43,2024-01-08 13:38,NULL
8OIWNFXFKYY5IW,93852109,2635000,2024-01-06 11:40,2024-01-09 16:57,NULL
B1BQQI5MHRZOT8,56361306,1096000,2024-01-07 00:11,2024-01-09 17:33,NULL
BS0FAG68D2WIRE,50360736,1314000,2024-01-07 17:17,2024-01-09 23:20,NULL
6BTZJL2WO8L78D,05563425,1095000,2024-01-08 15:20,2024-01-11 09:14,NULL
96IHOCVZB5WWLG,23248982,104000,2024-01-10 00:05,2024-01-12 02:55,NULL
BCY76W2XFYM3L2,81926136,2076000,2024-01-10 00:48,2024-01-12 05:45,NULL
WMDZBTFI79XZLZ,71276044,902000,2024-01-10 04:16,2024-01-12 06:03,NULL
7WH0PZHSRGIAV8,94558255,1007000,2024-01-10 09:37,2024-01-13 00:21,NULL
06HB4R8WDFGNVQ,77131648,5063000,2024-01-11 09:58,2024-01-13 12:49,NULL
JK5SOIPC0MXXIU,00975148,3737000,2024-01-11 19:55,2024-01-14 12:03,NULL
1BCHYOEB3OXFTH,92757274,22000,2024-01-11 21:00,2024-01-14 14:27,NULL
2EYNME7U7QRMWH,34993042,2898000,2024-01-11 21:07,2024-01-14 22:15,NULL
LXV48ONIIWVS1U,16516339,5668000,2024-01-12 03:05,2024-01-15 10:11,NULL
EAX4FOMBNU5L5C,81926136,7660000,2024-01-12 11:47,2024-01-15 19:16,NULL
C97UNLTOKQ94Q1,33648077,2203000,2024-01-12 23:21,2024-01-16 05:39,NULL
9SM3JSBXKBW73I,92467274,603000,2024-01-13 10:54,2024-01-16 18:58,NULL
I7FF70OU0PGTMM,27750243,958000,2024-01-13 21:41,2024-01-18 09:15,NULL
W4H0C3RM1YWTBM,05563425,6549000,2024-01-13 22:26,2024-01-19 02:11,NULL
Y2TNZ550VSCC2E,18836861,5928000,2024-01-14 05:06,2024-01-19 04:08,NULL
0DIV09TG855ZAE,64993416,4972000,2024-01-14 16:18,2024-01-19 06:25,NULL
WVUSXTISPL4P0K,71276044,6602000,2024-01-15 06:29,2024-01-19 17:20,NULL
TM60WWDHEZDY8O,71276044,1197000,2024-01-15 06:54,2024-01-20 01:11,NULL
O8FFXIW0AFZCH2,73136897,703000,2024-01-15 20:44,2024-01-20 06:24,NULL
30ATPXMP5L3O62,59233102,4115000,2024-01-15 21:05,2024-01-20 06:26,NULL
NQI1K2JOHUYFUF,53405714,3106000,2024-01-16 08:40,2024-01-20 15:59,NULL
I4VY4XGDC7D4VI,04125772,5278000,2024-01-16 11:21,2024-01-20 21:51,NULL
XDWS503ABPPEB1,56361306,4031000,2024-01-16 22:42,2024-01-21 16:14,NULL
50OKFVL2AVLPAZ,33648077,2437000,2024-01-18 06:24,2024-01-22 06:47,NULL
NUW1GTNIP7LK74,18836861,8231000,2024-01-18 10:28,2024-01-22 14:15,NULL
I8RVSGBBZETFCJ,81926136,6888000,2024-01-18 15:21,2024-01-22 17:49,NULL
S91PWEBNRNVCU0,59233102,147000,2024-01-18 18:21,2024-01-22 19:32,NULL
OD6MYNJB5L6WH0,77131648,2073000,2024-01-19 04:02,2024-01-22 21:01,NULL
2ZF6Q3UFS9TMYG,18836861,6764000,2024-01-19 10:27,2024-01-22 23:13,NULL
8FK3U6CGW1PY7H,18836861,4474000,2024-01-19 13:08,2024-01-23 07:59,NULL
A3L6CQUW8DJUYP,43979678,5430000,2024-01-19 18:38,2024-01-23 15:04,NULL
ZVKE7EZ5ONTYAK,29372843,7780000,2024-01-20 11:53,2024-01-23 15:05,NULL
2EB6L000471W0Q,73136897,177000,2024-01-20 15:10,2024-01-23 17:48,NULL
Y74AY1SA95E7ZQ,77131648,8988000,2024-01-20 19:23,2024-01-23 21:29,NULL
RYH6GHGHVKH57U,27750243,3830000,2024-01-21 00:30,2024-01-23 22:49,NULL
JKO9KF9XJCKYHK,59233102,4541000,2024-01-21 09:39,2024-01-24 08:49,NULL
ZKTPD264OQCEB0,73136897,7835000,2024-01-21 16:22,2024-01-24 09:27,NULL
RZYDXIA5FDA2LS,43979678,2483000,2024-01-21 19:51,2024-01-24 17:33,NULL
LQB2AGANPVZZDF,49780674,3898000,2024-01-22 00:54,2024-01-24 17:49,NULL
SZWGUCV82SV6YH,37112060,1424000,2024-01-22 01:13,2024-01-24 21:16,NULL
I4OZEY0SDG4EKC,33819417,8728000,2024-01-22 02:45,2024-01-25 04:49,NULL
9AWBWBTRFHHPZU,94558255,3252000,2024-01-22 13:41,2024-01-25 07:23,NULL
1AHNTLKQ83Z2B6,76432053,9357000,2024-01-22 19:10,2024-01-25 10:44,NULL
YXJDAOS8DK12M1,95265834,7025000,2024-01-22 19:23,2024-01-25 13:03,NULL
PMNZCAN4BAAHO8,53405714,3530000,2024-01-23 10:40,2024-01-25 20:03,NULL
PWD0GZB2DY0BC1,53405714,229000,2024-01-24 09:00,2024-01-26 11:47,NULL
4H0T8AKXSDMD9H,92757274,7783000,2024-01-24 10:31,2024-01-26 17:15,NULL
YCRU2X1U2FX5FE,50360736,2018000,2024-01-24 19:21,2024-01-28 03:14,NULL
5MICCQ7P1EGZT0,71276044,4193000,2024-01-25 01:41,2024-01-28 12:58,NULL
MJUPVFZI317R39,16516339,7902000,2024-01-25 05:57,2024-01-29 07:37,NULL
MLF7KV03WY0Q2N,64993416,6336000,2024-01-25 11:29,2024-01-29 12:58,NULL
2YMND5KCZ6NFF9,78555463,6752000,2024-01-25 18:31,2024-01-29 20:39,NULL
CBFLY2FTN7M9XK,85171900,9830000,2024-01-25 21:48,2024-01-29 21:16,NULL
DXUJCJ3XYGR8I5,93012133,735000,2024-01-26 11:17,2024-01-29 22:02,NULL
7UGL2WDQEYE05L,94558255,7112000,2024-01-26 20:32,2024-01-29 23:23,NULL
RCYJME2E3KAJ80,72415063,3569000,2024-01-28 04:12,2024-01-30 08:05,NULL
DC7VOBRTL4W7UH,93012133,5675000,2024-01-28 10:14,2024-01-30 22:50,NULL
2GKNYWPWSF3KIX,95265834,1902000,2024-01-28 14:58,2024-01-30 22:50,NULL
RR1VDTJJ9R4LYB,61655575,7032000,2024-01-28 17:28,2024-01-31 04:01,NULL
606BQM3AFWPU9Q,75830881,3333000,2024-01-29 03:45,2024-01-31 15:57,NULL
GQYOWBTE0TEIP9,64993416,818000,2024-01-29 03:45,2024-01-31 17:32,NULL
H3LGDCKFT4TRP3,53405714,4531000,2024-01-30 05:06,2024-01-31 18:17,NULL
JUPSZHL15ZUTB9,98876028,9667000,2024-01-30 09:27,2024-01-31 23:52,NULL
L9EDJR85M010ZJ,59233102,7247000,2024-01-30 09:42,2024-02-01 04:19,NULL
0GWRG3JOGY96XM,95265834,6550000,2024-01-30 15:02,2024-02-01 21:34,NULL
S7OEHT2ZVKNL26,00975148,3737000,2024-01-30 22:45,2024-02-02 08:09,NULL
2H2SIGNE5PODU0,42908251,8763000,2024-01-31 15:13,2024-02-02 10:38,NULL
XDF0U8QWT8B0DB,22527715,5565000,2024-02-01 01:03,2024-02-03 18:17,NULL
RW8JMVJDWH1P0W,61655575,8406000,2024-02-01 18:55,2024-02-04 02:02,NULL
MNGNYNX0VTDDZA,88922696,7610000,2024-02-02 07:16,2024-02-04 18:03,NULL
V7YDQGMS2L6CTW,88922696,9053000,2024-02-02 08:13,2024-02-05 11:10,NULL
7VX9545XYOOQ8W,27750243,212000,2024-02-02 12:10,2024-02-05 12:50,NULL
FSON3Q31SOH5IJ,34993042,9947000,2024-02-03 00:39,2024-02-06 01:16,NULL
UDZNIR8WXHM9EZ,04125772,5857000,2024-02-03 14:58,2024-02-06 01:46,NULL
IAERGI9F6VAF2D,44113628,7511000,2024-02-03 22:42,2024-02-06 06:15,NULL
U26WF2RPFZ1DJ4,61655575,5233000,2024-02-04 13:32,2024-02-06 14:01,NULL
9QBSIVSKKWRZP6,05563425,7747000,2024-02-04 15:10,2024-02-06 22:44,NULL
N2LC7AOH60VXVP,33819417,2002000,2024-02-04 22:17,2024-02-07 07:13,NULL
7MJT9O4BU2BTL3,98876028,992000,2024-02-05 20:30,2024-02-07 08:33,NULL
KPQE0ZFG30WWP3,59233102,7621000,2024-02-06 15:03,2024-02-08 05:11,NULL
3NXEKHV3F7WEZ9,22527715,9629000,2024-02-06 18:58,2024-02-08 20:11,NULL
H6VLIIN5FU8SPQ,97823141,3285000,2024-02-07 01:12,2024-02-09 05:59,NULL
RB2KNNCVQUMN8H,33819417,8571000,2024-02-07 20:13,2024-02-09 08:42,NULL
QGJGRK2DL75BS5,93012133,4317000,2024-02-07 21:02,2024-02-09 15:21,NULL
HCW8HE5Y1G5ZLQ,68785531,617000,2024-02-08 05:26,2024-02-09 19:54,NULL
2UO3ERJHWPX096,33819417,9082000,2024-02-08 07:11,2024-02-09 23:08,NULL
XINJ534OIE6RHN,81926136,9613000,2024-02-08 09:45,2024-02-10 10:07,NULL
H3OSHS92N5IW4S,05563425,3225000,2024-02-08 10:49,2024-02-10 12:08,NULL
HPKJ8EEQ0JP0OG,49780674,4308000,2024-02-08 11:28,2024-02-10 13:32,NULL
NR5KRER510ZYXU,71276044,3038000,2024-02-08 22:13,2024-02-11 00:53,NULL
2E5OYYW0UO7BC0,88977777,2246000,2024-02-09 03:11,2024-02-12 02:08,NULL
3LQVJ0Y1H374IT,93852109,9202000,2024-02-09 12:29,2024-02-12 02:29,NULL
QYW73FYQ94D8JX,27063854,8575000,2024-02-10 14:37,2024-02-12 19:15,NULL
0JQTESA3OG428E,59233102,1183000,2024-02-10 16:53,2024-02-13 02:12,NULL
8TKTPS4MA536QG,88977777,4154000,2024-02-10 23:48,2024-02-13 11:17,NULL
MZ2NESLC6ZSQQN,77131648,6653000,2024-02-10 23:49,2024-02-14 06:00,NULL
WOLMIL89L7TQ51,43979678,7280000,2024-02-11 02:14,2024-02-14 06:25,NULL
H7245R1MM8LAB4,44113628,3605000,2024-02-11 07:00,2024-02-14 06:33,NULL
3LKLUV15R444F4,42908251,6946000,2024-02-11 14:21,2024-02-14 11:34,NULL
81T6CCAO8ETD9C,64249803,7413000,2024-02-12 05:13,2024-02-14 15:21,NULL
XEP24I3UHOL7XJ,05563425,4512000,2024-02-12 08:01,2024-02-14 19:21,NULL
AEFLD88N1C3NX3,75830881,1536000,2024-02-12 20:50,2024-02-15 09:21,NULL
PZSLNGUWZQRKG9,00975148,5128000,2024-02-12 22:23,2024-02-15 10:19,NULL
WZOAGNQ6FLYJ1V,72415063,9827000,2024-02-13 05:49,2024-02-15 12:58,NULL
I4242CSAUTA8XU,00975148,8400000,2024-02-13 09:35,2024-02-15 19:18,NULL
FO3WQL9QSUBMVP,88922696,4772000,2024-02-13 12:12,2024-02-17 09:38,NULL
H9E8FKBW0GJQU0,27063854,8079000,2024-02-13 15:23,2024-02-17 14:58,NULL
RLE2EMM3KRPYJC,88922696,2036000,2024-02-14 09:55,2024-02-17 15:40,NULL
PNTGPVWQQGT4ZN,00975148,3316000,2024-02-14 21:29,2024-02-17 15:58,NULL
26KFNA9FEXP0YH,56361306,2270000,2024-02-16 12:01,2024-02-17 20:33,NULL
WT6WLDIH9NJ4GT,53405714,2719000,2024-02-16 16:10,2024-02-17 22:17,NULL
UIAF0941SCV416,44113628,5901000,2024-02-17 01:44,2024-02-18 20:08,NULL
OXQO6MHP643WAY,16516339,4201000,2024-02-17 02:59,2024-02-19 23:37,NULL
SA4P7DSDWDJTTU,43175792,2948000,2024-02-17 09:25,2024-02-20 03:52,NULL
KFM7B6O4B5I8VH,88977777,6905000,2024-02-17 14:21,2024-02-20 08:22,NULL
OP4FN9U3FNH3D8,16516339,2237000,2024-02-18 01:45,2024-02-20 11:29,NULL
AHR8NO2K9CXPKD,71276044,230000,2024-02-18 15:28,2024-02-20 14:46,NULL
EQ9OXX0FJYFOIY,27750243,9229000,2024-02-18 17:46,2024-02-20 21:30,NULL
DPCGUZY8U9204Q,36393300,1135000,2024-02-19 03:24,2024-02-20 22:24,NULL
2J2PYM0IQB725G,61655575,6592000,2024-02-19 07:44,2024-02-21 13:29,NULL
OTZNPJ6K2898LN,78555463,4392000,2024-02-19 13:25,2024-02-21 13:36,NULL
EQHMO6A2FWDXYL,50360736,696000,2024-02-19 15:05,2024-02-21 23:03,NULL
YBH08BSQ9RKO42,88922696,3193000,2024-02-20 12:04,2024-02-22 00:15,NULL
CV73SSRHT09DO3,64993416,2223000,2024-02-20 12:14,2024-02-22 01:57,NULL
ZBWGXUB3PQOE1D,37112060,9564000,2024-02-21 02:34,2024-02-22 04:30,NULL
34S39OPXO9IQ8S,93012133,9990000,2024-02-21 07:58,2024-02-22 04:34,NULL
JNOI0QPCLDTZ7F,72415063,9100000,2024-02-22 03:50,2024-02-22 08:52,NULL
NY60LSQGGUVWFL,75830881,8306000,2024-02-22 08:39,2024-02-23 03:24,NULL
OXSZOZYQ4X9P1C,98876028,566000,2024-02-22 09:59,2024-02-23 04:12,NULL
08J35JN2WA49NL,42908251,4679000,2024-02-22 11:47,2024-02-23 06:52,NULL
ZR3GBOOJYE4LRG,98876028,8613000,2024-02-22 16:01,2024-02-23 10:04,NULL
ZMBSXF6JU4PCP3,33648077,8809000,2024-02-24 02:19,2024-02-23 14:24,NULL
5I0W94MCQP72RX,97823141,1908000,2024-02-24 08:25,2024-02-23 21:58,NULL
0005M4QHLLWXUO,53405714,4893000,2024-02-25 06:11,2024-02-24 03:13,NULL
8U6NNMB7V7QT8S,43979678,682000,2024-02-25 10:39,2024-02-24 07:27,NULL
6TSMTU4SXSZL1O,05563425,493000,2024-02-25 20:34,2024-02-24 13:47,NULL
T9EO3CVWFODPUH,93012133,7248000,2024-02-26 02:28,2024-02-24 14:10,NULL
OFYW8ZVFOGLV4U,36393300,2786000,2024-02-26 22:40,2024-02-24 16:06,NULL
EQC6LABZME9TFW,71276044,7021000,2024-02-26 23:45,2024-02-25 15:19,NULL
VW5HJ6RBROSTF6,94558255,8506000,2024-02-27 04:16,2024-02-25 16:30,NULL
3FKWAZBICR9DG3,61655575,6057000,2024-02-27 06:49,2024-02-25 18:37,NULL
PUNBIWV1VDYMXF,53405714,4317000,2024-02-27 10:31,2024-02-25 23:16,NULL
UPT1LD7H3Y3B44,16516339,5922000,2024-02-28 23:37,2024-02-27 04:23,NULL
FQHAJ6YWAUQIBC,68785531,394000,2024-02-29 01:20,2024-02-28 12:53,NULL
OIG5E6K9DI04AC,92757274,1421000,2024-02-29 13:09,2024-02-28 23:19,NULL
0Q6R605DO52E5W,64993416,1287000,2024-02-29 16:33,2024-02-29 06:00,NULL
SBKBMEAKR8TRTA,76432053,7286000,2024-03-01 01:28,2024-02-29 07:31,NULL
QONIFQ01V9EWKV,22527715,2993000,2024-03-01 11:34,2024-03-01 01:08,NULL
OL9DNFE42WMYRL,44113628,360000,2024-03-01 15:20,2024-03-01 08:23,NULL
W2BS4UP54ZUT1R,44113628,2705000,2024-03-01 15:37,2024-03-01 17:08,NULL
JEJ2E6DKKJ1JKY,88977777,8431000,2024-03-01 21:05,2024-03-02 08:53,NULL
NDWYHXKXV6NXN9,37112060,1246000,2024-03-02 10:45,2024-03-02 12:05,NULL
MLIZ6NYX0PMTNN,94558255,1962000,2024-03-03 03:09,2024-03-02 18:32,NULL
QBEEPJUL2ZMC18,88922696,2821000,2024-03-04 17:19,2024-03-03 03:23,NULL
Y78793YUGYJP8I,88977777,4174000,2024-03-05 03:47,2024-03-03 06:10,NULL
BJB5VOETK6CE54,92757274,5983000,2024-03-05 05:57,2024-03-03 19:28,NULL
J896XOOWZZV8EB,56361306,9309000,2024-03-05 21:51,2024-03-03 21:33,NULL
YWZW174BM4MQB7,23248982,3937000,2024-03-06 06:51,2024-03-03 22:22,NULL
S9CG9PIGT4X40A,95265834,3146000,2024-03-06 10:27,2024-03-05 07:04,NULL
8UZK6XRXMWTQCG,80989658,348000,2024-03-07 03:46,2024-03-05 11:35,NULL
JF9GTE5LDH463F,33648077,349000,2024-03-08 12:55,2024-03-05 14:26,NULL
347DOJOO35RWOB,81926136,7071000,2024-03-09 00:24,2024-03-05 20:00,NULL
L9B2RZWDUTUC9X,29372843,7116000,2024-03-09 10:22,2024-03-06 00:39,NULL
RG28T6XQ8ZPXO4,36393300,3388000,2024-03-09 14:27,2024-03-06 16:53,NULL
XW7AEJV06I1PYY,49780674,9402000,2024-03-10 10:33,2024-03-06 18:55,NULL
JK63C3TQ9VAZWT,64249803,8135000,2024-03-10 18:42,2024-03-07 02:15,NULL
FUE80U7C1FIHQT,53405714,8921000,2024-03-11 11:36,2024-03-07 23:16,NULL
Q4PQ244X6P11H1,94558255,3009000,2024-03-11 11:59,2024-03-08 05:25,NULL
ROUFK1W6FKNCP7,61655575,3926000,2024-03-11 17:21,2024-03-08 09:32,NULL
VD0YYVW182YAW9,37112060,9543000,2024-03-11 17:37,2024-03-08 09:43,NULL
9SXAWV1ELSM4KP,59233102,7907000,2024-03-11 21:06,2024-03-08 21:11,NULL
7HH7KAVRY4P4HZ,16516339,7643000,2024-03-12 09:47,2024-03-08 22:31,NULL
EDR7Z83MARWC32,97823141,4067000,2024-03-12 16:25,2024-03-09 08:08,NULL
BO1U0DDJ874QJ8,97823141,1544000,2024-03-12 18:23,2024-03-10 20:13,NULL
ZBFA8U3CWQR2YR,00975148,9009000,2024-03-13 05:48,2024-03-10 22:19,NULL
6634Y4KGVJD39X,71276044,5648000,2024-03-13 15:16,2024-03-11 03:14,NULL
Z9DFZKPBT1XS68,61655575,3531000,2024-03-13 22:40,2024-03-12 03:29,NULL
M0D5R2WQDJUSRE,88977777,4746000,2024-03-13 23:40,2024-03-12 05:49,NULL
FTM21RN6TQ9KB4,42908251,1100000,2024-03-13 23:40,2024-03-12 14:05,NULL
BV6CX8FU7ARPKI,34993042,563000,2024-03-13 23:55,2024-03-12 19:02,NULL
E73ZSF6CAAWXCF,71276044,4472000,2024-03-15 02:16,2024-03-13 02:35,NULL
JHYB4BK33NJNFU,98876028,1854000,2024-03-15 09:07,2024-03-13 22:29,NULL
SXC7PSHXRJWBK0,04125772,3107000,2024-03-15 22:06,2024-03-14 00:54,NULL
4V8RG3Q9QAXXFV,33648077,9643000,2024-03-16 13:41,2024-03-14 05:10,NULL
8NLBMXOUCA3CYH,75830881,3146000,2024-03-16 18:23,2024-03-14 12:44,NULL
WW569N1A6P2PT4,18836861,242000,2024-03-17 02:11,2024-03-14 21:42,NULL
XLBZSLE8R9M7ZT,22527715,2760000,2024-03-17 08:01,2024-03-15 03:30,NULL
ZH5DTD7YE4B9NH,92467274,208000,2024-03-18 01:19,2024-03-15 08:57,NULL
QWO8KSJG27LH1P,36393300,1340000,2024-03-18 14:25,2024-03-16 05:17,NULL
X1PU8BL2HWCXIO,93012133,8017000,2024-03-19 07:45,2024-03-16 12:40,NULL
298GH6VX0QGN8O,88977777,5051000,2024-03-19 14:46,2024-03-16 15:29,NULL
E02JZE029TDNN0,78555463,9383000,2024-03-21 04:42,2024-03-16 21:04,NULL
5C6NZDS9CPNVHP,36393300,3981000,2024-03-21 13:41,2024-03-17 00:06,NULL
GMXP0NKEA1QSUM,00975148,4111000,2024-03-22 01:44,2024-03-17 08:28,NULL
TAV3BRVRZYXT23,36393300,9395000,2024-03-22 06:54,2024-03-17 12:42,NULL
7IHIP2ULR2OQKA,78555463,1631000,2024-03-22 09:38,2024-03-18 14:13,NULL
JT8HH5TXODVOFJ,71276044,8813000,2024-03-22 09:49,2024-03-18 17:41,NULL
GJTOUGEDA0KPQ1,64249803,9076000,2024-03-22 22:40,2024-03-19 11:24,NULL
3A5ZGS1N94E5GE,00975148,3857000,2024-03-23 04:23,2024-03-19 17:54,NULL
RLU1WGECVLJPGU,50360736,8839000,2024-03-23 16:24,2024-03-21 02:37,NULL
PYZG2N8GSBW9EJ,77131648,2334000,2024-03-23 18:39,2024-03-21 07:04,NULL
K6LGI5WZLZGP4I,80989658,8004000,2024-03-24 01:04,2024-03-21 15:22,NULL
3IOZ752M6FUBRS,42908251,5557000,2024-03-24 03:40,2024-03-21 16:55,NULL
TVQ4IPPIAB94RB,16516339,5107000,2024-03-25 03:29,2024-03-22 02:40,NULL
FQ40MUG12DC52G,88922696,8931000,2024-03-25 08:16,2024-03-22 07:49,NULL
ZOYLCSLSVXIWV6,33648077,563000,2024-03-26 05:54,2024-03-22 08:29,NULL
YB81QW94ZZY7DR,50360736,2177000,2024-03-26 07:00,2024-03-23 00:46,NULL
75X6HUB9QY0J41,73136897,7517000,2024-03-26 11:50,2024-03-23 08:34,NULL
EF09YN8MR6JBCI,64993416,1239000,2024-03-27 06:44,2024-03-24 00:30,NULL
G0B4JE84TINYFO,61655575,6071000,2024-03-27 17:47,2024-03-24 10:31,NULL
GDP1PUW75F7Z43,27063854,2743000,2024-03-27 18:01,2024-03-24 11:55,NULL
YTXBZOHHYD83YE,95265834,1360000,2024-03-27 18:28,2024-03-24 14:19,NULL
J8K6VTOJUQ5GE9,00975148,9657000,2024-03-27 22:21,2024-03-25 09:10,NULL
TJB1WYT4NEH4CO,61655575,3221000,2024-03-28 05:43,2024-03-25 17:26,NULL
MZ88Q6M864RDSG,72415063,406000,2024-03-29 16:02,2024-03-26 00:27,NULL
5OYCCHV95ETZ3K,33648077,9441000,2024-03-29 17:03,2024-03-26 06:21,NULL
2SE38AO14OHQER,68785531,8469000,2024-03-30 05:15,2024-03-26 14:03,NULL
CQ7JX1UBMX175O,98263623,7134000,2024-03-30 13:18,2024-03-26 14:26,NULL
SI8GJWQWV0QLE6,44113628,6176000,2024-03-30 15:44,2024-03-26 18:11,NULL
HZV37JHI7MAJ6F,29372843,8282000,2024-03-31 05:50,2024-03-26 19:16,NULL
5RGXSD63I1NSVR,33648077,3097000,2024-03-31 23:35,2024-03-26 21:04,NULL
BQDO6EM52HRAFY,56361306,8800000,2024-04-01 01:38,2024-03-26 21:56,NULL
KJLXX96715J7NM,44113628,4121000,2024-04-01 03:01,2024-03-26 23:36,NULL
JEBWM975DT4RPE,98263623,1699000,2024-04-01 05:34,2024-03-27 05:31,NULL
OUC8PCT6ABQPKH,27063854,3185000,2024-04-01 06:35,2024-03-28 07:18,NULL
UQU1T4TU0RJ13D,92757274,8901000,2024-04-01 08:16,2024-03-28 16:40,NULL
G4OEQV38FKRH3F,95265834,2865000,2024-04-01 11:03,2024-03-29 23:09,NULL
J49VO77JHXEW9V,53405714,3724000,2024-04-01 13:22,2024-03-30 00:10,NULL
01SP3L45PP2IZ0,42908251,212000,2024-04-01 15:13,2024-03-30 01:24,NULL
GI9PE2FPKZ2UL7,98263623,173000,2024-04-02 12:01,2024-03-30 04:59,NULL
226SPXTA2TZMHS,36393300,8986000,2024-04-02 19:25,2024-03-31 04:35,NULL
XWEURTBVWRKPGS,64993416,6926000,2024-04-02 22:36,2024-03-31 05:02,NULL
8HOE4VINNXP124,95265834,503000,2024-04-03 00:37,2024-04-01 08:55,NULL
1EHLGIWTPG7VOM,76432053,8603000,2024-04-03 18:12,2024-04-02 12:21,NULL
O6VFH8Y50BY9HS,44113628,8243000,2024-04-04 04:10,2024-04-04 03:07,NULL
F4SS4XD5V3UYF7,98876028,8160000,2024-04-04 15:13,2024-04-04 04:30,NULL
R16WS7W8C1LUL3,76432053,8010000,2024-04-04 20:23,2024-04-04 09:10,NULL
J7ICVRY60CLHUN,88977777,6465000,2024-04-05 01:22,2024-04-04 11:43,NULL
3WUKEIK20NH2JU,42908251,1943000,2024-04-05 06:33,2024-04-04 16:01,NULL
DM93UQ1SVLQMWZ,76432053,2533000,2024-04-06 01:42,2024-04-05 07:47,NULL
QI6CT6Q6ZGD2FD,88977777,9682000,2024-04-06 03:02,2024-04-05 12:29,NULL
NMQGFJN6HMIF94,73136897,3367000,2024-04-06 20:07,2024-04-05 14:51,NULL
74XM5OGCHMFSIF,42908251,4085000,2024-04-06 23:00,2024-04-05 18:24,NULL
PI5YK4Z2A9BGCA,76432053,3086000,2024-04-07 02:50,2024-04-06 04:48,NULL
GKVH2WEOOT7HSG,75830881,3242000,2024-04-07 17:02,2024-04-06 07:35,NULL
ZPDL1L81H24DNU,80989658,9103000,2024-04-08 08:59,2024-04-06 12:05,NULL
0U57J0YRR5PJBO,97823141,324000,2024-04-08 23:08,2024-04-06 15:34,NULL
USOEH3PWNDYSUF,43979678,3185000,2024-04-09 01:43,2024-04-06 16:20,NULL
8U845N7WY6DV94,49780674,5472000,2024-04-09 13:45,2024-04-06 18:31,NULL
HKMLF49OUKU6QL,27750243,601000,2024-04-10 12:04,2024-04-07 08:27,NULL
A6369KB94LOWEO,76432053,4054000,2024-04-11 00:33,2024-04-07 14:44,NULL
276A6M6SGWLWHW,95265834,6484000,2024-04-11 09:04,2024-04-07 19:14,NULL
59UGIB8T4XZ2CN,64993416,1299000,2024-04-11 14:03,2024-04-07 23:01,NULL
A4RE9HPJIRC57J,93012133,9445000,2024-04-12 10:53,2024-04-08 15:24,NULL
GFGGVIKEMKCWMZ,71276044,8353000,2024-04-12 11:40,2024-04-09 00:29,NULL
03HO3KG8X3MXQD,27750243,6885000,2024-04-12 11:47,2024-04-09 04:58,NULL
OH7IAUN0SHJ6W6,05563425,1332000,2024-04-12 11:50,2024-04-09 05:17,NULL
LT2U7893BCCD39,37112060,516000,2024-04-12 23:47,2024-04-09 15:03,NULL
I6QHGVHJZ9VFII,42908251,2811000,2024-04-13 09:13,2024-04-10 15:10,NULL
GTL47WD32N3I36,49780674,8339000,2024-04-13 10:11,2024-04-11 03:06,NULL
5GEWC0NOE49X11,98876028,4347000,2024-04-14 01:41,2024-04-11 06:01,NULL
VZ8HFZ4QMN99M1,56361306,9691000,2024-04-14 03:59,2024-04-11 17:39,NULL
JDWOA6V09D2X2Y,88922696,4275000,2024-04-14 06:51,2024-04-11 18:36,NULL
PSV7166HQ58O75,92467274,5324000,2024-04-15 06:36,2024-04-11 23:24,NULL
XZFZG8HR6NS0YC,22527715,2724000,2024-04-15 13:53,2024-04-11 23:54,NULL
7AOFXJFKYWBWYM,27063854,9448000,2024-04-16 02:05,2024-04-13 00:31,NULL
Y1KUMGWK5BPW4M,23248982,5000,2024-04-16 08:55,2024-04-13 03:32,NULL
9R6PJMN450VTUS,33819417,5750000,2024-04-16 09:59,2024-04-14 23:45,NULL
7UQFEM5EFF807U,97823141,5676000,2024-04-16 13:27,2024-04-16 00:21,NULL
8XFM9UE062DCQ8,85171900,6072000,2024-04-16 13:39,2024-04-16 08:24,NULL
H3UONKOGLMPEPI,37112060,4372000,2024-04-16 15:01,2024-04-16 08:45,NULL
YCXKFRLZM2UWWM,33819417,4241000,2024-04-17 03:31,2024-04-17 02:39,NULL
QAHDDBB2ZY2647,64993416,5039000,2024-04-17 07:46,2024-04-17 14:57,NULL
0PXG8IG2QOX148,50360736,4597000,2024-04-17 19:10,2024-04-17 21:52,NULL
FNTV6RZAUJCTXA,61655575,8237000,2024-04-18 09:09,2024-04-18 06:15,NULL
VBV3ILADVUL0CB,01919118,6304000,2024-04-18 18:46,2024-04-18 18:13,NULL
2J68775HS5CK0V,01919118,6547000,2024-04-19 05:25,2024-04-19 00:03,NULL
4Q5W0SPZE00JAT,53405714,8819000,2024-04-19 08:47,2024-04-19 00:46,NULL
S8C713XUE140AJ,93852109,5825000,2024-04-19 11:22,2024-04-19 04:31,NULL
NLY3OLO76GBVXW,42908251,8836000,2024-04-20 03:27,2024-04-19 07:58,NULL
L5D58V6PRTMTKB,75830881,4112000,2024-04-20 05:56,2024-04-19 09:12,NULL
0FU9T2CRY65UKP,33648077,9895000,2024-04-20 06:43,2024-04-19 13:25,NULL
X54YHKQP1BZ4W4,00975148,8033000,2024-04-20 09:58,2024-04-19 13:31,NULL
D01HL65JFOI64O,75830881,8405000,2024-04-21 05:38,2024-04-20 02:47,NULL
873H9SO52B596M,64993416,289000,2024-04-22 17:49,2024-04-21 09:11,NULL
7IAVY16859QQYS,92467274,1587000,2024-04-22 18:13,2024-04-21 14:54,NULL
2IE5Y5Z9MJYZIK,92467274,2404000,2024-04-23 02:01,2024-04-21 22:51,NULL
JECYWNX789JKY1,22527715,7144000,2024-04-23 22:58,2024-04-22 04:59,NULL
SB61AW87R0KLOS,93852109,2660000,2024-04-24 04:17,2024-04-22 19:20,NULL
N7DDQF4WZ45SHI,01919118,2337000,2024-04-24 11:40,2024-04-23 10:42,NULL
3DI8T0IVWNPPQK,78555463,6527000,2024-04-24 14:18,2024-04-25 09:15,NULL
F3395BT29RC1U4,44113628,4961000,2024-04-24 19:11,2024-04-25 20:26,NULL
9FR8847NI352NK,49780674,7024000,2024-04-25 08:26,2024-04-26 11:02,NULL
HTZLP9ZN4S298C,53405714,8439000,2024-04-25 11:47,2024-04-26 11:23,NULL
7CEUZMND818OOU,88977777,4611000,2024-04-25 20:51,2024-04-26 12:05,NULL
1B3H9JYHNN6EHC,73136897,103000,2024-04-25 21:37,2024-04-27 09:21,NULL
0EVI3G4Y8IOPCQ,95265834,7816000,2024-04-25 22:53,2024-04-27 15:14,NULL
WG8LG3PNZZ7KDI,77131648,1064000,2024-04-26 16:12,2024-04-27 23:56,NULL
AUF0SN5P86D2KM,01919118,9748000,2024-04-27 12:59,2024-04-28 16:27,NULL
AEP2HWGNXHK3GS,93012133,5720000,2024-04-27 22:59,2024-04-28 17:41,NULL
FGO0W1VIF9DVXQ,36393300,8885000,2024-04-28 03:15,2024-04-28 18:59,NULL
5R6NJ4BB0AC3LG,33819417,289000,2024-04-28 09:45,2024-04-29 06:09,NULL
RJXT3KZK2ZXVQD,23248982,8889000,2024-04-28 18:06,2024-04-29 11:45,NULL
EY5S8V2LNHVS6S,71276044,2219000,2024-04-29 07:34,2024-04-29 17:23,NULL
HJMZZNGVKUD1ZW,49780674,4726000,2024-04-29 12:43,2024-04-30 19:54,NULL
5HMLLSXWITOZXS,49780674,1940000,2024-04-29 13:48,2024-05-01 11:47,NULL
N7ZHA4WF1G52QU,93012133,2784000,2024-04-29 23:05,2024-05-01 22:33,NULL
8SEG3K9Q6LLQEY,36393300,5243000,2024-04-30 12:38,2024-05-02 00:13,NULL
NTVTCVNT7MXS8T,93012133,8527000,2024-05-01 04:24,2024-05-02 02:35,NULL
SE45NHZOQD1ZKR,37112060,114000,2024-05-02 03:04,2024-05-02 07:37,NULL
316GGR8ACLOB02,75830881,4720000,2024-05-03 07:34,2024-05-02 18:02,NULL
EQCG8U6MXQHC60,94558255,2748000,2024-05-03 09:07,2024-05-02 20:18,NULL
IG0JU171J81L98,16516339,4698000,2024-05-04 00:17,2024-05-03 22:44,NULL
1I0X6KW0ZZ0WMS,23248982,632000,2024-05-05 00:54,2024-05-03 23:48,NULL
VDRJ3S04DV48OK,97823141,6749000,2024-05-05 10:21,2024-05-04 04:13,NULL
58C3QJJ9SNR46F,98876028,5086000,2024-05-05 20:57,2024-05-04 23:40,NULL
OR8KBSSG7V4249,81926136,3396000,2024-05-06 00:19,2024-05-04 23:42,NULL
BPRMSOIONO7F7C,68785531,7970000,2024-05-06 02:41,2024-05-05 06:03,NULL
5OT6P0C0VI9OTI,88922696,5528000,2024-05-06 06:11,2024-05-05 08:56,NULL
TJSBSNLKF8GP71,22527715,9909000,2024-05-06 11:30,2024-05-06 08:07,NULL
2W1SZNSOS03ZAO,93852109,8335000,2024-05-06 12:09,2024-05-06 20:13,NULL
NV9GZ2AOFIW8WC,50360736,9840000,2024-05-06 13:17,2024-05-07 03:46,NULL
0M46TDFAFGE8VQ,73136897,8245000,2024-05-07 13:04,2024-05-07 11:22,NULL
SF6Y5NAFRUE4NK,43979678,9765000,2024-05-08 01:19,2024-05-07 17:02,NULL
YO335RXVCJ18AC,23248982,1987000,2024-05-08 03:06,2024-05-08 03:20,NULL
XD4LJKF3SOZ8B2,49780674,934000,2024-05-08 04:49,2024-05-08 06:50,NULL
BALR4E7FIO114Z,34993042,9496000,2024-05-08 05:27,2024-05-08 16:27,NULL
FF9J6BYLPZR72R,16516339,8473000,2024-05-09 14:16,2024-05-08 20:53,NULL
25UOFLV3UP00ZL,05563425,610000,2024-05-09 18:30,2024-05-08 20:59,NULL
2346A5XKI2LOL2,93012133,9924000,2024-05-09 18:36,2024-05-09 07:35,NULL
9L0R3OQSC05RLT,77131648,1416000,2024-05-10 08:49,2024-05-09 17:45,NULL
SD6ZRIV4XOR94X,43175792,2643000,2024-05-10 11:23,2024-05-10 16:01,NULL
O9PRVHV7RDVN00,80989658,3609000,2024-05-10 14:02,2024-05-11 06:04,NULL
XFH6E8MU4K89SP,98263623,9610000,2024-05-11 07:04,2024-05-11 06:49,NULL
MQGQE4IFBV8WPH,42908251,1488000,2024-05-11 15:43,2024-05-11 15:00,NULL
I9U3RQQ3KTURA9,64249803,3457000,2024-05-12 08:59,2024-05-11 19:01,NULL
9HK13V0WWL6XHS,53405714,7720000,2024-05-13 18:13,2024-05-11 23:28,NULL
MA4F48S34CJW1V,34993042,8221000,2024-05-14 15:01,2024-05-12 07:33,NULL
PDII1MVK6RJIY5,92467274,8358000,2024-05-14 18:40,2024-05-12 07:39,NULL
EHATACN6R6BFV5,27750243,2316000,2024-05-14 22:48,2024-05-12 09:23,NULL
R351NEC5B6Z84N,56361306,943000,2024-05-15 22:09,2024-05-13 03:10,NULL
C57WFPYQ7Q887I,27750243,9774000,2024-05-16 05:48,2024-05-13 09:02,NULL
GR3SWASILCPGRD,93012133,1598000,2024-05-16 10:20,2024-05-13 14:17,NULL
K7P73MQUZYYFVK,43175792,3464000,2024-05-16 22:13,2024-05-14 17:49,NULL
ZS4TGKOYZ6P8J2,27063854,2410000,2024-05-17 04:25,2024-05-15 10:24,NULL
CYT1CAVTDTWKRS,88922696,9790000,2024-05-17 06:02,2024-05-15 12:17,NULL
EUACYI1GTC9ZFF,73136897,3187000,2024-05-17 12:27,2024-05-17 08:20,NULL
DDJ7EHWKMQTGOL,27063854,5877000,2024-05-19 10:08,2024-05-18 16:28,NULL
UPZ696A5WRY7EE,44113628,3470000,2024-05-20 09:52,2024-05-18 23:19,NULL
GPYJ07MQ25RCX0,01919118,6889000,2024-05-20 21:34,2024-05-19 15:17,NULL
PQTMI68K7JC2AF,29372843,520000,2024-05-21 09:00,2024-05-20 06:14,NULL
FTU4IO911RKQFC,92757274,1984000,2024-05-21 09:02,2024-05-20 12:57,NULL
1A50PI4A9MTSJO,27750243,7977000,2024-05-21 14:31,2024-05-20 22:03,NULL
PJNE146YMNJNZ2,64993416,5556000,2024-05-21 14:39,2024-05-21 00:32,NULL
2R2M4RPGKIVI9E,72415063,2836000,2024-05-22 02:14,2024-05-21 13:12,NULL
4IN470TCHBPCCP,29372843,633000,2024-05-22 08:55,2024-05-21 18:34,NULL
AHANHONGLW2R2M,50360736,5381000,2024-05-22 11:05,2024-05-22 14:11,NULL
C20O68XLZY7S3A,88922696,6104000,2024-05-22 15:52,2024-05-22 19:34,NULL
FDZZYCOFJ23NTQ,64249803,5306000,2024-05-22 23:03,2024-05-23 00:21,NULL
WZRGUY0Y18S2ND,68785531,306000,2024-05-23 12:04,2024-05-23 09:04,NULL
GMOP01WJQN0U2T,29372843,3499000,2024-05-23 22:22,2024-05-24 14:35,NULL
WMM7K2E93HQLUX,92757274,9147000,2024-05-23 23:32,2024-05-24 21:01,NULL
338P0I5GR5KT5Z,78555463,5490000,2024-05-24 01:19,2024-05-25 00:01,NULL
W0E5JQ0F5MUGKZ,05563425,5531000,2024-05-24 02:43,2024-05-25 07:44,NULL
965XFW35NJPI0H,50360736,5625000,2024-05-24 06:30,2024-05-25 09:04,NULL
3C2GK614YX7F4F,98263623,9128000,2024-05-24 10:17,2024-05-25 10:19,NULL
F8KOK52GEW9VV8,01919118,4282000,2024-05-24 13:11,2024-05-25 13:51,NULL
92YW1Y7EQP6ROD,04125772,8975000,2024-05-24 19:15,2024-05-25 19:11,NULL
SBOKNHUBR0QPAT,56361306,1542000,2024-05-25 03:18,2024-05-26 00:10,NULL
WTL4IMY2U40ZPH,81926136,8033000,2024-05-25 04:06,2024-05-26 04:10,NULL
KNWB3U6OVMMH9B,85171900,5349000,2024-05-25 16:08,2024-05-26 07:38,NULL
PVX3MR0C67QHEH,92757274,7629000,2024-05-26 04:19,2024-05-26 11:34,NULL
E927TFNAZPMP7Q,92757274,6206000,2024-05-28 04:06,2024-05-27 08:13,NULL
GJJY9VNCEOEH0V,68785531,4856000,2024-05-28 20:50,2024-05-27 14:39,NULL
GFTFLQ2FRA04I7,77131648,5443000,2024-05-29 07:38,2024-05-27 15:14,NULL
5RZ8BSQY977UP3,95265834,9646000,2024-05-30 02:03,2024-05-28 11:36,NULL
SX1S1X4Z22J5WI,93012133,7991000,2024-05-30 05:26,2024-05-28 16:01,NULL
QUKZZFR4GY5ICB,42908251,4962000,2024-05-30 10:39,2024-05-29 01:16,NULL
HK9JL6C2UTOSB9,88922696,8481000,2024-05-31 04:49,2024-05-29 01:32,NULL
MVLFUBPV5FIWVP,92757274,4644000,2024-05-31 04:49,2024-05-29 03:52,NULL
9BCGMPVFHE5CL0,92467274,3514000,2024-05-31 08:00,2024-05-29 22:42,NULL
JOQHGHT9WI8ZU3,76432053,2194000,2024-06-01 00:15,2024-05-30 19:28,NULL
Q5FVKMZV1KCR0X,16516339,342000,2024-06-01 20:52,2024-05-31 00:26,NULL
2KM2A40O56BFRO,49780674,2965000,2024-06-02 20:57,2024-05-31 01:41,NULL
VNGMLHCYMYUC7Y,29372843,1542000,2024-06-03 04:31,2024-05-31 03:53,NULL
SLHY3ZEAAQUFR6,68785531,4825000,2024-06-03 07:40,2024-05-31 08:59,NULL
TGWJQORUDVOGOW,37112060,2428000,2024-06-03 22:23,2024-05-31 12:35,NULL
TZVP1A38H3PVMG,49780674,8288000,2024-06-04 04:29,2024-06-01 00:34,NULL
1AQK3NGCCRKAJE,16516339,6607000,2024-06-04 07:08,2024-06-01 06:18,NULL
VXXW3NU5IWPGV1,00975148,282000,2024-06-04 13:05,2024-06-01 08:25,NULL
ZQEHOHRJG48Q3M,34993042,3608000,2024-06-04 19:37,2024-06-01 08:52,NULL
F30U968L540FV5,88977777,2484000,2024-06-05 03:38,2024-06-01 17:26,NULL
5OHJGVWTIZ5EE8,18836861,9719000,2024-06-05 06:01,2024-06-02 07:17,NULL
EDXQ7D9QPS8VJZ,93852109,5278000,2024-06-05 07:29,2024-06-02 20:20,NULL
WKOR8E7NSH7LBQ,42908251,1599000,2024-06-05 10:22,2024-06-03 04:31,NULL
FSZZVVPW8G5D3W,75830881,567000,2024-06-05 14:40,2024-06-03 21:32,NULL
K7XL6A5NWB1ZLF,81926136,1055000,2024-06-05 20:40,2024-06-03 22:37,NULL
XKF0S1UE6WG9IP,93852109,7532000,2024-06-05 20:50,2024-06-04 12:56,NULL
KF089R8FI8SDFE,04125772,7391000,2024-06-06 09:27,2024-06-05 13:08,NULL
7EWJPZ9200N4AR,56361306,5493000,2024-06-06 13:28,2024-06-05 20:50,NULL
L53VBMZXNZWXX4,73136897,5860000,2024-06-06 16:25,2024-06-05 22:45,NULL
ITDT3S39ECW486,36393300,5578000,2024-06-06 23:58,2024-06-07 01:23,NULL
UPCB7PVL66QT1C,23248982,2773000,2024-06-07 08:07,2024-06-07 09:22,NULL
3HTR14Q1F97PPT,42908251,8665000,2024-06-07 17:38,2024-06-07 10:32,NULL
SYMFRPXMCHDNA4,64249803,9802000,2024-06-08 13:37,2024-06-08 03:48,NULL
ZYFJMMFZ8AF4T9,04125772,1472000,2024-06-08 17:55,2024-06-09 01:25,NULL
SEVURW6BPK09JY,93012133,3485000,2024-06-08 23:36,2024-06-09 06:01,NULL
DS6KE82GT8E7AU,71276044,1883000,2024-06-09 13:58,2024-06-09 13:30,NULL
BLMIPG7DO6RILO,05563425,202000,2024-06-10 11:18,2024-06-10 05:06,NULL
YDD2YL9LG8KFRH,23248982,491000,2024-06-11 03:11,2024-06-10 09:06,NULL
9M2DPGIVVAHVXH,98876028,3317000,2024-06-11 10:42,2024-06-10 22:51,NULL
MKAL8YZBSR8C18,93012133,3028000,2024-06-11 14:57,2024-06-11 00:13,NULL
B98Y1Z7AUNQ4ZY,97823141,1945000,2024-06-11 18:31,2024-06-11 13:28,NULL
KGF36VIAQT5AIP,64249803,3272000,2024-06-12 04:08,2024-06-11 14:06,NULL
RTSKYCP9VCYABD,16516339,4186000,2024-06-12 21:02,2024-06-11 14:41,NULL
K6HM3DDF0AMJVY,98263623,9734000,2024-06-12 22:01,2024-06-11 14:48,NULL
POOMQ3NQOUYLEK,42908251,9471000,2024-06-13 10:38,2024-06-11 15:28,NULL
K695N3EQZGRE8Y,76432053,3273000,2024-06-13 16:51,2024-06-11 18:28,NULL
TIMNYY9I6F6KBX,29372843,5668000,2024-06-13 18:21,2024-06-12 05:40,NULL
3PHDE3PU0HTY2M,98263623,6459000,2024-06-14 08:14,2024-06-12 07:12,NULL
3TKLTUKG26IZXP,42908251,8268000,2024-06-14 14:04,2024-06-12 10:23,NULL
IZ21VL1KU1TYDW,93852109,564000,2024-06-14 14:28,2024-06-12 14:42,NULL
L5NWTN0GXEG5BR,92757274,6729000,2024-06-14 17:00,2024-06-12 14:47,NULL
21SXCDE1LXCJGX,81926136,565000,2024-06-15 21:19,2024-06-12 15:36,NULL
XCIESW8SN8CJJP,43979678,1925000,2024-06-16 14:06,2024-06-13 05:06,NULL
0EJACVAWLIL909,68785531,5899000,2024-06-16 22:06,2024-06-13 06:49,NULL
AJX5KBAAU0HQB2,33648077,3726000,2024-06-17 12:33,2024-06-13 09:48,NULL
E861XSJ625NCHK,22527715,846000,2024-06-17 14:36,2024-06-13 16:41,NULL
J8JGMKUMH2Z7QX,56361306,6889000,2024-06-17 14:42,2024-06-13 19:54,NULL
MZ6JBQ3O4NHTTG,68785531,4357000,2024-06-17 23:57,2024-06-14 07:31,NULL
X9MYDQDKYADRYL,18836861,3707000,2024-06-18 00:00,2024-06-15 03:23,NULL
9WTG80GMS1NRS7,85171900,9734000,2024-06-18 05:09,2024-06-15 17:02,NULL
V5KQKP2TUKT38V,61655575,458000,2024-06-18 18:33,2024-06-16 22:30,NULL
XYJD6SZA4QTV4Q,78555463,8480000,2024-06-19 07:31,2024-06-16 23:42,NULL
FRJQ6PNRN8WBIM,05563425,2167000,2024-06-19 13:45,2024-06-17 05:21,NULL
5HI7MADK1071VI,68785531,2182000,2024-06-20 04:07,2024-06-17 05:27,NULL
WMU3JTRNEM1OKO,56361306,1206000,2024-06-20 10:57,2024-06-17 13:10,NULL
8NM2O8NKPL04LI,95265834,3786000,2024-06-20 18:10,2024-06-17 15:42,NULL
WMWL9OLIVW63PG,81926136,8204000,2024-06-20 18:51,2024-06-17 20:09,NULL
XV26GDLX4H884D,98876028,6691000,2024-06-21 03:49,2024-06-18 01:48,NULL
PDFWMLQUB8VBM3,42908251,8120000,2024-06-22 08:35,2024-06-18 04:53,NULL
RDBO60TNYPFMPF,18836861,1711000,2024-06-22 14:10,2024-06-18 13:05,NULL
50MBQDHU5QI6CL,98876028,7539000,2024-06-22 15:46,2024-06-18 22:54,NULL
T9QHBAQEDSR1UN,29372843,5236000,2024-06-23 01:23,2024-06-19 00:42,NULL
F5VPJPY6V9CRLR,50360736,838000,2024-06-23 10:29,2024-06-19 01:35,NULL
PIEG76ZUEESJ1B,77131648,1763000,2024-06-23 11:42,2024-06-19 05:08,NULL
M75VFPTYSLI2NK,71276044,3651000,2024-06-23 15:30,2024-06-19 05:09,NULL
I0U57X0EOKLQ1V,27063854,909000,2024-06-24 03:26,2024-06-20 00:12,NULL
AI85MBGIN3KHXM,34993042,8866000,2024-06-24 18:37,2024-06-20 11:54,NULL
WW9CNJOB5M32BY,59233102,6456000,2024-06-25 00:56,2024-06-21 11:04,NULL
8Q3Z76T73E1KOO,27063854,6100000,2024-06-25 20:11,2024-06-21 11:23,NULL
5PKROIZLLDMAPB,78555463,4239000,2024-06-26 00:44,2024-06-22 07:34,NULL
CKWTF5WWDMC8CS,43175792,9477000,2024-06-26 02:14,2024-06-22 10:39,NULL
8PME2HNWLFUMZO,33648077,2236000,2024-06-26 04:10,2024-06-22 14:14,NULL
P3UFSGFC0THXLN,43175792,9998000,2024-06-26 15:56,2024-06-24 03:11,NULL
D9X2U1YJCRNRTH,27750243,1006000,2024-06-26 21:19,2024-06-24 05:19,NULL
0M6QCAKKN72FT0,68785531,4013000,2024-06-27 01:41,2024-06-24 06:13,NULL
P0CMVR008D0BAK,56361306,355000,2024-06-27 21:16,2024-06-24 17:43,NULL
I6RBM5ZFMSND5S,16516339,4082000,2024-06-28 03:07,2024-06-24 23:09,NULL
0KXV9SB6W8NX4O,76432053,8877000,2024-06-28 06:10,2024-06-25 06:35,NULL
ID9HWRL7ZB00EW,72415063,1101000,2024-06-28 08:20,2024-06-25 20:44,NULL
JHLWEO3VZLETLS,94558255,7618000,2024-06-29 04:44,2024-06-25 21:11,NULL
8A9RLX2Y49NT8D,72415063,5290000,2024-06-29 06:58,2024-06-26 05:16,NULL
LG88CY5U0PTER6,33819417,4014000,2024-06-29 16:47,2024-06-27 08:22,NULL
A4ORJUGRKSJ63U,01919118,7334000,2024-06-29 19:21,2024-06-27 19:39,NULL
X1R5HEVOOQIT6R,05563425,88000,2024-06-30 00:29,2024-06-28 23:29,NULL
F31E2AAL758TK9,88922696,4619000,2024-06-30 00:44,2024-06-29 12:12,NULL
BZGA3X59IAOGUF,22527715,7733000,2024-06-30 22:11,2024-06-29 23:31,NULL
D8V2BNRIE6GMAC,27750243,4571000,2024-07-01 02:52,2024-06-30 01:15,NULL
1U5RRAGAF0HLBV,93012133,6424000,2024-07-03 02:38,2024-06-30 17:18,NULL
XIXOZY8RPFQ8H2,97823141,7940000,2024-07-03 02:42,2024-06-30 21:08,NULL
YA1RK1DRMB9PYE,44113628,6291000,2024-07-04 16:15,2024-07-01 13:08,NULL
90VT9LBNVDJZI8,77131648,2157000,2024-07-04 20:02,2024-07-01 16:50,NULL
QVOYEQ3OORNM4E,64993416,4916000,2024-07-05 01:44,2024-07-01 23:09,NULL
FYT1V94U0YY729,59233102,8185000,2024-07-05 08:17,2024-07-02 05:02,NULL
WSVR1M5IW6UOC1,92757274,9753000,2024-07-05 17:39,2024-07-02 12:44,NULL
ZKKTEKPRD5UJKN,22527715,7345000,2024-07-06 01:29,2024-07-02 13:34,NULL
D9H15JY2JUX3NE,68785531,2751000,2024-07-06 03:16,2024-07-02 19:11,NULL
8WZ7GAE9CKSP33,95265834,112000,2024-07-06 11:27,2024-07-03 09:19,NULL
RJLXYUFECUDLZH,98876028,2489000,2024-07-07 09:10,2024-07-03 22:12,NULL
QYYKS447C57W11,80989658,8868000,2024-07-07 16:45,2024-07-04 04:16,NULL
XN2IVPHGX8YNTX,88922696,2681000,2024-07-08 11:19,2024-07-04 16:17,NULL
BXK5IVF7BY8Z4W,34993042,7169000,2024-07-08 16:19,2024-07-04 22:12,NULL
X5N4NDYGXEVKU2,05563425,808000,2024-07-08 23:46,2024-07-05 03:44,NULL
G1A14R6RU8YEVP,27750243,4340000,2024-07-09 02:43,2024-07-05 11:41,NULL
G00WJJGQXCF5TD,36393300,9132000,2024-07-10 06:15,2024-07-05 15:49,NULL
612PW8O7ZCK2MA,04125772,9270000,2024-07-11 08:20,2024-07-05 18:20,NULL
8L8FH6ZKSKFVQS,97823141,1881000,2024-07-11 16:42,2024-07-05 20:32,NULL
PZ4QAIF7L3GY8H,43175792,6429000,2024-07-13 04:10,2024-07-05 21:00,NULL
KOMM0KMNOKC33N,36393300,9353000,2024-07-13 07:48,2024-07-06 03:50,NULL
SY631WKN81YHNF,49780674,3771000,2024-07-13 13:05,2024-07-06 04:01,NULL
BJZB9B0V9G7ZUH,75830881,8062000,2024-07-13 23:14,2024-07-06 09:42,NULL
AY8SHJS218E9UL,43175792,2129000,2024-07-14 03:14,2024-07-06 12:26,NULL
2H6329R78ATPTP,27063854,7729000,2024-07-14 17:48,2024-07-07 01:41,NULL
CRGM2D3DMWARYH,27063854,9935000,2024-07-14 19:31,2024-07-07 04:36,NULL
NYSM62WEWC151F,56361306,937000,2024-07-15 11:11,2024-07-07 15:20,NULL
XUSVTGD6N4T9J4,80989658,7181000,2024-07-15 19:06,2024-07-07 22:19,NULL
HR255PF3K9VMWH,61655575,2257000,2024-07-15 19:44,2024-07-08 10:28,NULL
HRAVAVXVSHCW6Q,27750243,9951000,2024-07-16 10:50,2024-07-08 13:08,NULL
723E3X5D89VNY5,16516339,8620000,2024-07-17 04:43,2024-07-08 15:40,NULL
AMMKUNEPL91XTN,33819417,3303000,2024-07-17 10:35,2024-07-10 01:53,NULL
CDC2JFHTJ0F43R,97823141,5023000,2024-07-17 13:15,2024-07-10 16:07,NULL
0M15OYSCHKR75M,92467274,9286000,2024-07-17 17:31,2024-07-10 19:08,NULL
953QEKYBSW197V,64993416,9850000,2024-07-18 12:57,2024-07-10 21:00,NULL
5JGE76R8GU0LEA,98876028,6845000,2024-07-19 07:09,2024-07-10 22:30,NULL
IV1O9VFZZ9THUS,77131648,842000,2024-07-19 12:40,2024-07-11 17:51,NULL
9FWL4SZ0UVPDTP,85171900,1888000,2024-07-19 15:45,2024-07-11 19:49,NULL
DYF4RNR05PGMO4,95265834,7504000,2024-07-19 20:48,2024-07-12 01:43,NULL
66GU98TO0DY2RE,59233102,1848000,2024-07-19 20:52,2024-07-12 16:54,NULL
HG9MO1ODA95S0G,77131648,1852000,2024-07-19 21:07,2024-07-12 17:59,NULL
365YE5CJR5H2KW,94558255,7165000,2024-07-19 23:54,2024-07-13 01:34,NULL
RN7Y42JWHV5B3Y,56361306,2944000,2024-07-20 15:36,2024-07-13 02:50,NULL
U46JKTG44OBD1M,04125772,8260000,2024-07-20 20:59,2024-07-13 08:09,NULL
K5EY09HC4OT5KT,56361306,9836000,2024-07-21 05:04,2024-07-13 08:48,NULL
5DG5LRGBN3FR4D,36393300,3103000,2024-07-21 05:58,2024-07-14 18:02,NULL
TWDK1WXDP9FYF1,50360736,7512000,2024-07-21 10:50,2024-07-14 20:11,NULL
K626H5KEG633M1,80989658,6857000,2024-07-21 10:55,2024-07-15 12:49,NULL
3VGJCS71FG8MYT,56361306,5427000,2024-07-21 11:33,2024-07-15 12:58,NULL
Q2ENW6UKMJVX7V,33648077,5624000,2024-07-21 18:37,2024-07-15 21:42,NULL
P78JNG0F1N802E,85171900,7753000,2024-07-22 01:45,2024-07-16 00:29,NULL
FOTWJ985M98A2G,50360736,2339000,2024-07-22 09:26,2024-07-16 17:14,NULL
S8FEO326IBXL9D,43175792,3074000,2024-07-23 23:18,2024-07-17 13:42,NULL
XQ9VWU9GZYXQQ2,56361306,5711000,2024-07-24 03:13,2024-07-18 00:01,NULL
BJKGM3RRQBP184,72415063,8375000,2024-07-24 13:29,2024-07-18 08:05,NULL
A5AX063UHAYQ01,92467274,2296000,2024-07-25 11:36,2024-07-18 17:54,NULL
NFX2M2KXINCKSS,98876028,9542000,2024-07-26 05:59,2024-07-19 03:00,NULL
ZTJQG5E53N0TF8,71276044,8186000,2024-07-26 17:15,2024-07-19 11:15,NULL
1Y0UHCLR3F2GK3,16516339,8433000,2024-07-27 02:30,2024-07-20 03:52,NULL
ZX19ZMSG3WO4AT,59233102,8793000,2024-07-27 07:07,2024-07-21 01:10,NULL
L5AAOCPDM0UUGK,94558255,6656000,2024-07-27 12:05,2024-07-21 17:01,NULL
423VP5ZYYM7AOB,98876028,1217000,2024-07-27 15:01,2024-07-22 09:41,NULL
89LZR8SKIWWGV4,93852109,460000,2024-07-27 22:35,2024-07-22 23:42,NULL
9N77EOSR8YYFOC,97823141,3114000,2024-07-28 02:36,2024-07-23 04:59,NULL
5Q919A9L3OPYFV,43979678,12000,2024-07-28 06:03,2024-07-23 21:11,NULL
Y7I7Z3HGIOP6LG,88922696,9282000,2024-07-28 10:40,2024-07-25 04:14,NULL
CPK6YEGTR8QOI7,88922696,6207000,2024-07-28 15:15,2024-07-25 06:08,NULL
A6HI4GNV2EVJCS,04125772,6394000,2024-07-29 09:59,2024-07-26 02:11,NULL
RFMXD3NUI35J1T,16516339,276000,2024-07-29 11:32,2024-07-26 04:21,NULL
FI3PIHFZUCSWTJ,00975148,2091000,2024-07-29 21:35,2024-07-26 06:24,NULL
RSMPI3N8QLWCEE,29372843,1831000,2024-07-29 22:16,2024-07-26 13:48,NULL
B48Y8Q0Q4JP4H4,50360736,7567000,2024-07-30 11:48,2024-07-26 15:52,NULL
1TO24JUCMFNTFI,43175792,7966000,2024-07-30 16:02,2024-07-26 20:33,NULL
E7XWVPT9FAC7A5,33819417,2882000,2024-07-30 17:05,2024-07-27 03:33,NULL
DY9QH7K5YZ9UKS,80989658,6135000,2024-07-30 17:39,2024-07-27 03:56,NULL
BN37IYGX715NMU,88977777,5834000,2024-07-30 19:03,2024-07-27 07:20,NULL
F6EDWUIVI5OJDU,76432053,4519000,2024-08-01 00:01,2024-07-27 09:11,NULL
1IRDZ60TY7QDL7,22527715,119000,2024-08-01 17:43,2024-07-27 23:01,NULL
U21PJ0M8X70ZBB,33819417,1363000,2024-08-01 19:24,2024-07-28 11:56,NULL
R1CC6S0M3OLE9Z,80989658,7683000,2024-08-01 19:24,2024-07-28 15:52,NULL
0K8Q0CS04OUMCC,42908251,2586000,2024-08-02 10:49,2024-07-29 03:44,NULL
GPX3137KP83301,92757274,653000,2024-08-02 23:57,2024-07-29 22:27,NULL
0TL31EO8OOD2X8,44113628,2479000,2024-08-03 01:33,2024-07-30 15:19,NULL
P1MLENWWDH2UYS,97823141,520000,2024-08-03 06:56,2024-07-30 17:26,NULL
VT3PMUZHPT87X0,56361306,460000,2024-08-03 15:49,2024-07-31 00:20,NULL
SQ2ZJ3L8U58RVV,94558255,116000,2024-08-03 17:46,2024-07-31 22:50,NULL
4IPG879FMNMOAN,53405714,3856000,2024-08-03 18:55,2024-08-01 02:00,NULL
L84T870OCNXAWC,75830881,6143000,2024-08-04 00:46,2024-08-01 12:04,NULL
8N129MZ58AOA58,76432053,1497000,2024-08-04 15:15,2024-08-02 11:15,NULL
53AVF9KM4U36PE,78555463,8310000,2024-08-04 15:30,2024-08-02 17:56,NULL
80D338DC4GETU4,88922696,6083000,2024-08-04 22:04,2024-08-02 19:57,NULL
GI70J5LWRU8IPQ,49780674,2023000,2024-08-05 04:12,2024-08-03 03:56,NULL
O8HVIXET7G3BXQ,85171900,7833000,2024-08-05 06:57,2024-08-03 09:56,NULL
C23SJ5JYGVY2UJ,93852109,2781000,2024-08-05 13:12,2024-08-03 18:18,NULL
Q4FGW04Q4N755I,42908251,4542000,2024-08-05 18:00,2024-08-04 01:02,NULL
B4CPOT4R4BQM47,00975148,4171000,2024-08-06 03:21,2024-08-04 06:30,NULL
OQRRSCG2196PPF,98263623,9397000,2024-08-06 14:34,2024-08-04 08:02,NULL
R5DR7HI590Q751,34993042,5605000,2024-08-06 16:18,2024-08-04 09:59,NULL
R95EA4FJBNYFWM,94558255,5797000,2024-08-07 03:49,2024-08-04 10:21,NULL
KSY2IPYUTUHGQT,64249803,5645000,2024-08-07 17:16,2024-08-04 17:08,NULL
HIOD3WNKHZCTRF,92757274,7901000,2024-08-07 21:59,2024-08-04 17:51,NULL
1J0KUZBGSTJ04O,53405714,4258000,2024-08-08 14:02,2024-08-05 20:54,NULL
M9IUPT53GNS5HK,43979678,490000,2024-08-08 15:33,2024-08-05 22:40,NULL
GYQ5S07OWOMECV,98263623,1391000,2024-08-08 22:13,2024-08-06 04:06,NULL
DZIZADHFALWXV0,64993416,9705000,2024-08-09 09:30,2024-08-06 23:49,NULL
ASZJ14VMVSO85K,93012133,6430000,2024-08-09 10:30,2024-08-07 07:50,NULL
KVVVYI8GAS7V9Q,71276044,5119000,2024-08-10 14:04,2024-08-07 17:30,NULL
STOVIUYWME0AK7,85171900,1044000,2024-08-11 02:35,2024-08-07 18:53,NULL
K4TGM6GF33C77Z,37112060,7440000,2024-08-11 15:39,2024-08-07 21:44,NULL
RR9E516AWPO9GZ,75830881,1461000,2024-08-11 20:16,2024-08-08 11:10,NULL
N9W1Y9T65AVIEH,88977777,8263000,2024-08-12 12:49,2024-08-08 15:24,NULL
YSU8DPN8EL0EOH,22527715,4906000,2024-08-12 14:46,2024-08-08 20:37,NULL
0EMDYH0PV0WMLG,64993416,2111000,2024-08-13 07:15,2024-08-09 03:55,NULL
SELKUU2R8NWWUZ,44113628,586000,2024-08-13 09:12,2024-08-09 12:04,NULL
J7H23INM8A4PK6,94558255,4822000,2024-08-13 21:49,2024-08-09 19:30,NULL
LYBD20FML8FU7A,43175792,6419000,2024-08-14 05:04,2024-08-09 20:20,NULL
RQHP60Y3D7YS4C,43979678,768000,2024-08-14 09:55,2024-08-10 00:43,NULL
M8NZARIKXVCDGX,33819417,1580000,2024-08-14 15:11,2024-08-10 05:07,NULL
A7BTN2FE4KDW62,75830881,5595000,2024-08-14 15:15,2024-08-11 01:04,NULL
C0QA8CD28LA8DZ,04125772,9880000,2024-08-14 22:13,2024-08-11 10:22,NULL
J7CRY6EM0E0P27,33648077,5997000,2024-08-15 13:37,2024-08-11 19:49,NULL
8T1MGEL3FZMR89,64993416,7458000,2024-08-15 16:46,2024-08-11 22:29,NULL
KQWGYQIKAJ7Y4M,50360736,9439000,2024-08-16 06:20,2024-08-12 05:27,NULL
NLIIG250NRWQG5,95265834,4238000,2024-08-16 14:28,2024-08-12 14:10,NULL
9HPEA74YUKVBII,61655575,7362000,2024-08-16 14:50,2024-08-12 15:39,NULL
FBSS9YO89NB3GX,92757274,452000,2024-08-16 18:17,2024-08-12 17:55,NULL
8K8WPR7W7JWG58,92467274,8984000,2024-08-16 21:10,2024-08-12 23:42,NULL
45YYRKL8LN8WYV,80989658,2599000,2024-08-16 21:21,2024-08-13 00:25,NULL
KK1KGYNB0VT2K3,77131648,2723000,2024-08-17 06:07,2024-08-13 10:47,NULL
QM1K35S38BLD5M,53405714,2907000,2024-08-17 14:39,2024-08-13 17:43,NULL
OUXDVLV0OAH4AS,77131648,3364000,2024-08-17 14:53,2024-08-14 10:25,NULL
UIPYJQPZGYMWYG,22527715,2966000,2024-08-18 04:25,2024-08-15 02:12,NULL
WPK8S4P1IRYCC4,72415063,39000,2024-08-18 20:15,2024-08-15 09:39,NULL
NSU4FW28F9RAU3,72415063,8932000,2024-08-19 10:35,2024-08-15 09:50,NULL
1R5ZYNITPACP3A,81926136,1462000,2024-08-19 14:07,2024-08-15 23:57,NULL
SFP54V0ONGIIBG,27750243,4145000,2024-08-19 22:24,2024-08-16 01:04,NULL
B5T35Y7RBN6DNY,85171900,7649000,2024-08-20 16:19,2024-08-16 16:30,NULL
07EH5UDM6O2THK,23248982,8438000,2024-08-20 23:09,2024-08-16 17:03,NULL
8Y0XVGL7HWZ0S7,01919118,2626000,2024-08-21 00:01,2024-08-16 20:00,NULL
4HYSQAA0VW0721,88977777,6348000,2024-08-21 00:31,2024-08-17 02:30,NULL
MPQ9A6OR28H1F9,95265834,8101000,2024-08-21 02:33,2024-08-17 07:06,NULL
JTDJ6I3B5DOGFD,29372843,5169000,2024-08-21 09:43,2024-08-17 12:43,NULL
PIF3242Q7Y9W1F,23248982,5647000,2024-08-21 21:57,2024-08-17 22:25,NULL
2HWAT17D460G51,80989658,6165000,2024-08-22 08:58,2024-08-18 01:59,NULL
MGZLY10DDVRXEO,64249803,1922000,2024-08-22 12:58,2024-08-18 19:36,NULL
UZZ6VA8NR681EB,98263623,7225000,2024-08-23 16:41,2024-08-19 04:53,NULL
PV2W1Y39WOXJ6A,88977777,4405000,2024-08-23 20:54,2024-08-20 11:56,NULL
EDTWWL4VZJERRT,64249803,7804000,2024-08-23 22:39,2024-08-22 05:54,NULL
V0LQ0FFLJI3ZAN,33648077,6642000,2024-08-24 02:46,2024-08-22 06:15,NULL
TB03HS56G6P7GB,33819417,202000,2024-08-25 08:45,2024-08-23 00:03,NULL
DPJ7ZQHCP5CEAM,18836861,2322000,2024-08-25 09:36,2024-08-23 12:18,NULL
PQOYRPMUC3TCDR,33648077,3185000,2024-08-25 12:31,2024-08-24 05:41,NULL
FWZC0S58CDFGOZ,33819417,6292000,2024-08-25 17:51,2024-08-24 07:58,NULL
H1UHJO61V18GES,75830881,6499000,2024-08-26 03:24,2024-08-24 08:47,NULL
96SFUDBQ7P8Z76,81926136,6062000,2024-08-26 10:14,2024-08-24 16:51,NULL
XYNJJNSP7IZPSQ,61655575,9946000,2024-08-26 11:33,2024-08-25 05:23,NULL
LMKLE0N5454TJ0,68785531,3595000,2024-08-26 14:54,2024-08-25 12:25,NULL
DBW2BU1LS83S8K,64249803,1347000,2024-08-26 17:03,2024-08-25 15:08,NULL
5QCWIPQ8H17V3Q,92757274,1792000,2024-08-27 18:07,2024-08-26 23:14,NULL
QHCLDSD1D3U9XD,85171900,979000,2024-08-27 18:19,2024-08-28 17:58,NULL
Q4YNZQ9N6M9GG6,27750243,5331000,2024-08-27 19:34,2024-08-29 02:23,NULL
LXIL5C286Z4DVK,01919118,2156000,2024-08-27 21:26,2024-08-29 02:28,NULL
1ZIGCB4GL42NHH,43979678,3726000,2024-08-28 01:17,2024-08-29 13:22,NULL
5UFO75BTW3CKO3,43979678,1576000,2024-08-29 02:45,2024-08-29 16:51,NULL
3YUYXR0YWD0VX4,92467274,48000,2024-08-29 12:30,2024-08-29 18:21,NULL
9RQVBFGSI2IPDO,77131648,6272000,2024-08-29 17:27,2024-08-30 07:21,NULL
597VXUJQINJ90F,97823141,657000,2024-08-29 18:01,2024-08-30 18:53,NULL
637QTRWDTSTJYM,76432053,4108000,2024-08-30 08:00,2024-08-30 19:02,NULL
5ROURHZ7XYLVA8,75830881,2160000,2024-08-30 17:10,2024-08-30 22:46,NULL
R72EYXAESFB8JG,98263623,8144000,2024-08-30 20:05,2024-08-31 00:35,NULL
JMU8UZTTGY46L3,36393300,1299000,2024-08-30 20:36,2024-08-31 02:08,NULL
ZDPSKLUMS7EP50,71276044,9310000,2024-08-30 22:15,2024-08-31 11:37,NULL
7ZW7BPA99C3O0R,98876028,1343000,2024-08-31 15:16,2024-08-31 15:30,NULL
5RYOTPN6WIZIGF,16516339,4378000,2024-08-31 15:58,2024-08-31 16:50,NULL
NTVEXQRULGJZRC,93852109,0,2024-08-31 22:07,2024-08-31 22:07,NULL
K8N4G9BOQV0HGE,93852109,91800,2024-08-31 22:08,2024-08-31 22:08,NULL
02X1ZVCAR3A1E7,93852109,46900,2024-09-01 00:56,2024-09-01 00:56,NULL
1BRSKXS81VNOMY,93852109,153000,2024-09-01 19:20,2024-09-01 19:20,NULL
IIKKCUMW486G1T,93852109,25100,2024-09-03 09:25,2024-09-03 09:25,NULL
X7X26VOYJGV5IO,93852109,70200,2024-09-03 10:03,2024-09-03 10:03,NULL
62V5ZGDHWDKZT2,93852109,38300,2024-09-03 10:07,2024-09-03 10:07,NULL
HMXGW0AJAFRVAI,93852109,43300,2024-09-03 10:23,2024-09-03 10:23,NULL
492LIIB36PU3OY,93852109,55800,2024-09-03 10:36,2024-09-03 10:36,NULL
